path,group,width,height,mode,has_alpha,trimmed_bbox
01_xenoverse_party_hud_clean/xenoverse_party_hud_png_elements/00_full_transparent_asset_sheet.png,01_xenoverse_party_hud_clean,1536,1024,RGBA,True,"0,4,1536,1024"
01_xenoverse_party_hud_clean/xenoverse_party_hud_png_elements/01_player1_full_hud.png,01_xenoverse_party_hud_clean,765,295,RGBA,True,"0,0,765,295"
01_xenoverse_party_hud_clean/xenoverse_party_hud_png_elements/02_player2_full_hud.png,01_xenoverse_party_hud_clean,761,295,RGBA,True,"0,0,761,295"
01_xenoverse_party_hud_clean/xenoverse_party_hud_png_elements/03_player1_nameplate_frame.png,01_xenoverse_party_hud_clean,745,140,RGBA,True,"0,0,742,140"
01_xenoverse_party_hud_clean/xenoverse_party_hud_png_elements/04_player2_nameplate_frame.png,01_xenoverse_party_hud_clean,745,140,RGBA,True,"0,0,745,140"
01_xenoverse_party_hud_clean/xenoverse_party_hud_png_elements/05_hp_bar_with_label.png,01_xenoverse_party_hud_clean,511,75,RGBA,True,"6,0,505,75"
01_xenoverse_party_hud_clean/xenoverse_party_hud_png_elements/06_ki_bar_with_label.png,01_xenoverse_party_hud_clean,497,70,RGBA,True,"6,0,491,70"
01_xenoverse_party_hud_clean/xenoverse_party_hud_png_elements/07_stm_bar_with_label.png,01_xenoverse_party_hud_clean,495,72,RGBA,True,"6,0,489,72"
01_xenoverse_party_hud_clean/xenoverse_party_hud_png_elements/08_hp_fill_bar.png,01_xenoverse_party_hud_clean,501,75,RGBA,True,"6,0,495,75"
01_xenoverse_party_hud_clean/xenoverse_party_hud_png_elements/09_ki_segment_bar.png,01_xenoverse_party_hud_clean,487,75,RGBA,True,"6,0,487,75"
01_xenoverse_party_hud_clean/xenoverse_party_hud_png_elements/10_stm_segment_bar.png,01_xenoverse_party_hud_clean,465,75,RGBA,True,"6,0,459,75"
01_xenoverse_party_hud_clean/xenoverse_party_hud_png_elements/11_level_label_plate.png,01_xenoverse_party_hud_clean,229,99,RGBA,True,"6,6,229,99"
01_xenoverse_party_hud_clean/xenoverse_party_hud_png_elements/12_level_number_45_plate.png,01_xenoverse_party_hud_clean,195,100,RGBA,True,"2,0,193,100"
01_xenoverse_party_hud_clean/xenoverse_party_hud_png_elements/13_hp_label.png,01_xenoverse_party_hud_clean,158,80,RGBA,True,"6,0,158,80"
01_xenoverse_party_hud_clean/xenoverse_party_hud_png_elements/14_ki_label.png,01_xenoverse_party_hud_clean,155,80,RGBA,True,"0,0,155,79"
01_xenoverse_party_hud_clean/xenoverse_party_hud_png_elements/15_stm_label.png,01_xenoverse_party_hud_clean,161,80,RGBA,True,"0,0,155,80"
01_xenoverse_party_hud_clean/xenoverse_party_hud_png_elements/16_ability_icon_purple.png,01_xenoverse_party_hud_clean,135,155,RGBA,True,"0,0,135,155"
01_xenoverse_party_hud_clean/xenoverse_party_hud_png_elements/17_ability_icon_blue.png,01_xenoverse_party_hud_clean,140,153,RGBA,True,"0,6,140,153"
01_xenoverse_party_hud_clean/xenoverse_party_hud_png_elements/18_ability_icon_green.png,01_xenoverse_party_hud_clean,140,150,RGBA,True,"0,6,140,150"
01_xenoverse_party_hud_clean/xenoverse_party_hud_png_elements/19_ability_icon_orange.png,01_xenoverse_party_hud_clean,145,155,RGBA,True,"0,3,143,154"
01_xenoverse_party_hud_clean/xenoverse_party_hud_png_elements/20_portrait_ring_p1.png,01_xenoverse_party_hud_clean,250,235,RGBA,True,"0,0,250,235"
01_xenoverse_party_hud_clean/xenoverse_party_hud_png_elements/21_portrait_ring_p2.png,01_xenoverse_party_hud_clean,250,235,RGBA,True,"0,0,250,235"
01_xenoverse_party_hud_clean/xenoverse_party_hud_png_elements/22_energy_orb_orange.png,01_xenoverse_party_hud_clean,240,225,RGBA,True,"0,0,240,225"
01_xenoverse_party_hud_clean/xenoverse_party_hud_png_elements/23_energy_orb_blue.png,01_xenoverse_party_hud_clean,246,240,RGBA,True,"0,0,246,240"
01_xenoverse_party_hud_clean/xenoverse_party_hud_png_elements/24_corner_bracket_orange.png,01_xenoverse_party_hud_clean,230,180,RGBA,True,"0,0,230,178"
01_xenoverse_party_hud_clean/xenoverse_party_hud_png_elements/25_corner_bracket_blue.png,01_xenoverse_party_hud_clean,190,175,RGBA,True,"0,0,190,175"
01_xenoverse_party_hud_clean/xenoverse_party_hud_png_elements/26_corner_chevron_orange.png,01_xenoverse_party_hud_clean,190,143,RGBA,True,"0,0,190,137"
01_xenoverse_party_hud_clean/xenoverse_party_hud_png_elements/27_empty_plate_blue.png,01_xenoverse_party_hud_clean,350,95,RGBA,True,"0,0,350,95"
01_xenoverse_party_hud_clean/xenoverse_party_hud_png_elements/28_empty_plate_orange.png,01_xenoverse_party_hud_clean,355,100,RGBA,True,"0,0,355,100"
01_xenoverse_party_hud_clean/xenoverse_party_hud_png_elements/29_empty_plate_center.png,01_xenoverse_party_hud_clean,310,120,RGBA,True,"0,0,310,120"
01_xenoverse_party_hud_clean/xenoverse_party_hud_png_elements/30_p1_badge.png,01_xenoverse_party_hud_clean,190,170,RGBA,True,"0,0,190,170"
01_xenoverse_party_hud_clean/xenoverse_party_hud_png_elements/31_p2_badge.png,01_xenoverse_party_hud_clean,190,165,RGBA,True,"0,0,190,165"
01_xenoverse_party_hud_clean/xenoverse_party_hud_png_elements/32_arrow_orange.png,01_xenoverse_party_hud_clean,115,140,RGBA,True,"0,0,115,139"
01_xenoverse_party_hud_clean/xenoverse_party_hud_png_elements/33_arrow_blue.png,01_xenoverse_party_hud_clean,110,120,RGBA,True,"0,0,110,120"
01_xenoverse_party_hud_clean/xenoverse_party_hud_png_elements/34_energy_streak_orange.png,01_xenoverse_party_hud_clean,85,139,RGBA,True,"0,0,85,139"
01_xenoverse_party_hud_clean/xenoverse_party_hud_png_elements/35_energy_streak_blue.png,01_xenoverse_party_hud_clean,76,214,RGBA,True,"0,0,70,214"
02_xenoverse_party_hud_example/example_hud_elements_bundle/01_split_hud_elements/example_00_full_transparent_asset_sheet.png,02_xenoverse_party_hud_example,1536,1024,RGBA,True,"0,4,1536,1024"
02_xenoverse_party_hud_example/example_hud_elements_bundle/01_split_hud_elements/example_01_player1_full_hud.png,02_xenoverse_party_hud_example,765,295,RGBA,True,"0,0,765,295"
02_xenoverse_party_hud_example/example_hud_elements_bundle/01_split_hud_elements/example_02_player2_full_hud.png,02_xenoverse_party_hud_example,761,295,RGBA,True,"0,0,761,295"
02_xenoverse_party_hud_example/example_hud_elements_bundle/01_split_hud_elements/example_03_player1_nameplate_frame.png,02_xenoverse_party_hud_example,745,140,RGBA,True,"0,0,742,140"
02_xenoverse_party_hud_example/example_hud_elements_bundle/01_split_hud_elements/example_04_player2_nameplate_frame.png,02_xenoverse_party_hud_example,745,140,RGBA,True,"0,0,745,140"
02_xenoverse_party_hud_example/example_hud_elements_bundle/01_split_hud_elements/example_05_hp_bar_with_label.png,02_xenoverse_party_hud_example,511,75,RGBA,True,"6,0,505,75"
02_xenoverse_party_hud_example/example_hud_elements_bundle/01_split_hud_elements/example_06_ki_bar_with_label.png,02_xenoverse_party_hud_example,497,70,RGBA,True,"6,0,491,70"
02_xenoverse_party_hud_example/example_hud_elements_bundle/01_split_hud_elements/example_07_stm_bar_with_label.png,02_xenoverse_party_hud_example,495,72,RGBA,True,"6,0,489,72"
02_xenoverse_party_hud_example/example_hud_elements_bundle/01_split_hud_elements/example_08_hp_fill_bar.png,02_xenoverse_party_hud_example,501,75,RGBA,True,"6,0,495,75"
02_xenoverse_party_hud_example/example_hud_elements_bundle/01_split_hud_elements/example_09_ki_segment_bar.png,02_xenoverse_party_hud_example,487,75,RGBA,True,"6,0,487,75"
02_xenoverse_party_hud_example/example_hud_elements_bundle/01_split_hud_elements/example_10_stm_segment_bar.png,02_xenoverse_party_hud_example,465,75,RGBA,True,"6,0,459,75"
02_xenoverse_party_hud_example/example_hud_elements_bundle/01_split_hud_elements/example_11_level_label_plate.png,02_xenoverse_party_hud_example,229,99,RGBA,True,"6,6,229,99"
02_xenoverse_party_hud_example/example_hud_elements_bundle/01_split_hud_elements/example_12_level_number_45_plate.png,02_xenoverse_party_hud_example,195,100,RGBA,True,"2,0,193,100"
02_xenoverse_party_hud_example/example_hud_elements_bundle/01_split_hud_elements/example_13_hp_label.png,02_xenoverse_party_hud_example,158,80,RGBA,True,"6,0,158,80"
02_xenoverse_party_hud_example/example_hud_elements_bundle/01_split_hud_elements/example_14_ki_label.png,02_xenoverse_party_hud_example,155,80,RGBA,True,"0,0,155,79"
02_xenoverse_party_hud_example/example_hud_elements_bundle/01_split_hud_elements/example_15_stm_label.png,02_xenoverse_party_hud_example,161,80,RGBA,True,"0,0,155,80"
02_xenoverse_party_hud_example/example_hud_elements_bundle/01_split_hud_elements/example_16_ability_icon_purple.png,02_xenoverse_party_hud_example,135,155,RGBA,True,"0,0,135,155"
02_xenoverse_party_hud_example/example_hud_elements_bundle/01_split_hud_elements/example_17_ability_icon_blue.png,02_xenoverse_party_hud_example,140,153,RGBA,True,"0,6,140,153"
02_xenoverse_party_hud_example/example_hud_elements_bundle/01_split_hud_elements/example_18_ability_icon_green.png,02_xenoverse_party_hud_example,140,150,RGBA,True,"0,6,140,150"
02_xenoverse_party_hud_example/example_hud_elements_bundle/01_split_hud_elements/example_19_ability_icon_orange.png,02_xenoverse_party_hud_example,145,155,RGBA,True,"0,3,143,154"
02_xenoverse_party_hud_example/example_hud_elements_bundle/01_split_hud_elements/example_20_portrait_ring_p1.png,02_xenoverse_party_hud_example,250,235,RGBA,True,"0,0,250,235"
02_xenoverse_party_hud_example/example_hud_elements_bundle/01_split_hud_elements/example_21_portrait_ring_p2.png,02_xenoverse_party_hud_example,250,235,RGBA,True,"0,0,250,235"
02_xenoverse_party_hud_example/example_hud_elements_bundle/01_split_hud_elements/example_22_energy_orb_orange.png,02_xenoverse_party_hud_example,240,225,RGBA,True,"0,0,240,225"
02_xenoverse_party_hud_example/example_hud_elements_bundle/01_split_hud_elements/example_23_energy_orb_blue.png,02_xenoverse_party_hud_example,246,240,RGBA,True,"0,0,246,240"
02_xenoverse_party_hud_example/example_hud_elements_bundle/01_split_hud_elements/example_24_corner_bracket_orange.png,02_xenoverse_party_hud_example,230,180,RGBA,True,"0,0,230,178"
02_xenoverse_party_hud_example/example_hud_elements_bundle/01_split_hud_elements/example_25_corner_bracket_blue.png,02_xenoverse_party_hud_example,190,175,RGBA,True,"0,0,190,175"
02_xenoverse_party_hud_example/example_hud_elements_bundle/01_split_hud_elements/example_26_corner_chevron_orange.png,02_xenoverse_party_hud_example,190,143,RGBA,True,"0,0,190,137"
02_xenoverse_party_hud_example/example_hud_elements_bundle/01_split_hud_elements/example_27_empty_plate_blue.png,02_xenoverse_party_hud_example,350,95,RGBA,True,"0,0,350,95"
02_xenoverse_party_hud_example/example_hud_elements_bundle/01_split_hud_elements/example_28_empty_plate_orange.png,02_xenoverse_party_hud_example,355,100,RGBA,True,"0,0,355,100"
02_xenoverse_party_hud_example/example_hud_elements_bundle/01_split_hud_elements/example_29_empty_plate_center.png,02_xenoverse_party_hud_example,310,120,RGBA,True,"0,0,310,120"
02_xenoverse_party_hud_example/example_hud_elements_bundle/01_split_hud_elements/example_30_p1_badge.png,02_xenoverse_party_hud_example,190,170,RGBA,True,"0,0,190,170"
02_xenoverse_party_hud_example/example_hud_elements_bundle/01_split_hud_elements/example_31_p2_badge.png,02_xenoverse_party_hud_example,190,165,RGBA,True,"0,0,190,165"
02_xenoverse_party_hud_example/example_hud_elements_bundle/01_split_hud_elements/example_32_arrow_orange.png,02_xenoverse_party_hud_example,115,140,RGBA,True,"0,0,115,139"
02_xenoverse_party_hud_example/example_hud_elements_bundle/01_split_hud_elements/example_33_arrow_blue.png,02_xenoverse_party_hud_example,110,120,RGBA,True,"0,0,110,120"
02_xenoverse_party_hud_example/example_hud_elements_bundle/01_split_hud_elements/example_34_energy_streak_orange.png,02_xenoverse_party_hud_example,85,139,RGBA,True,"0,0,85,139"
02_xenoverse_party_hud_example/example_hud_elements_bundle/01_split_hud_elements/example_35_energy_streak_blue.png,02_xenoverse_party_hud_example,76,214,RGBA,True,"0,0,70,214"
02_xenoverse_party_hud_example/example_hud_elements_bundle/02_action_buttons_with_text/example_back_with_text.png,02_xenoverse_party_hud_example,1536,1024,RGBA,True,"0,31,1518,982"
02_xenoverse_party_hud_example/example_hud_elements_bundle/02_action_buttons_with_text/example_charge_with_text.png,02_xenoverse_party_hud_example,1536,1024,RGBA,True,"0,21,1521,982"
02_xenoverse_party_hud_example/example_hud_elements_bundle/02_action_buttons_with_text/example_chase_with_text.png,02_xenoverse_party_hud_example,1536,1024,RGBA,True,"17,21,1522,982"
02_xenoverse_party_hud_example/example_hud_elements_bundle/02_action_buttons_with_text/example_combo_with_text.png,02_xenoverse_party_hud_example,1536,1024,RGBA,True,"31,110,1508,952"
02_xenoverse_party_hud_example/example_hud_elements_bundle/02_action_buttons_with_text/example_ki_cancel_with_text.png,02_xenoverse_party_hud_example,1536,1024,RGBA,True,"32,38,1504,982"
02_xenoverse_party_hud_example/example_hud_elements_bundle/02_action_buttons_with_text/example_vanish_with_text.png,02_xenoverse_party_hud_example,1536,1024,RGBA,True,"0,21,1526,984"
02_xenoverse_party_hud_example/example_hud_elements_bundle/02_action_buttons_with_text/example_z_burst_with_text.png,02_xenoverse_party_hud_example,1536,1024,RGBA,True,"0,34,1504,982"
02_xenoverse_party_hud_example/example_hud_elements_bundle/03_blank_action_elements/example_blank_button_style_01.png,02_xenoverse_party_hud_example,1536,1024,RGBA,True,"18,32,1517,982"
02_xenoverse_party_hud_example/example_hud_elements_bundle/03_blank_action_elements/example_blank_button_style_02.png,02_xenoverse_party_hud_example,1536,1024,RGBA,True,"0,35,1536,982"
02_xenoverse_party_hud_example/example_hud_elements_bundle/03_blank_action_elements/example_blank_button_style_03.png,02_xenoverse_party_hud_example,1536,1024,RGBA,True,"9,35,1536,952"
02_xenoverse_party_hud_example/example_hud_elements_bundle/04_menus/example_ki_alt_menu_with_text.png,02_xenoverse_party_hud_example,1254,1254,RGBA,True,"0,4,1238,1212"
02_xenoverse_party_hud_example/example_hud_elements_bundle/04_menus/example_ki_ctrl_menu_with_text.png,02_xenoverse_party_hud_example,1536,1024,RGBA,True,"65,61,1470,1002"
02_xenoverse_party_hud_example/example_hud_elements_bundle/04_menus/example_ki_menu_blank_style_01.png,02_xenoverse_party_hud_example,1536,1024,RGBA,True,"0,16,1518,994"
02_xenoverse_party_hud_example/example_hud_elements_bundle/04_menus/example_ki_menu_blank_style_02.png,02_xenoverse_party_hud_example,1536,1024,RGBA,True,"26,46,1516,1004"
02_xenoverse_party_hud_example/example_hud_elements_bundle/05_sheets_and_examples/example_hud_asset_sheet.png,02_xenoverse_party_hud_example,1254,1254,RGBA,True,"0,13,1254,1254"
02_xenoverse_party_hud_example/example_hud_elements_bundle/05_sheets_and_examples/example_party_hud_battle_scene.png,02_xenoverse_party_hud_example,1672,941,RGB,False,
02_xenoverse_party_hud_example/example_hud_elements_bundle/05_sheets_and_examples/example_party_hud_concept_scene.png,02_xenoverse_party_hud_example,1672,941,RGB,False,
02_xenoverse_party_hud_example/example_hud_elements_bundle/05_sheets_and_examples/example_party_hud_sprite_sheet.png,02_xenoverse_party_hud_example,1536,1024,RGBA,True,"0,5,1536,1024"
02_xenoverse_party_hud_example/example_hud_elements_bundle/05_sheets_and_examples/example_separate_elements_sheet.png,02_xenoverse_party_hud_example,1536,1024,RGBA,True,"12,0,1523,1024"
02_xenoverse_party_hud_example/example_hud_elements_bundle/05_sheets_and_examples/example_transparent_asset_sheet.png,02_xenoverse_party_hud_example,1536,1024,RGBA,True,"0,4,1536,1024"
03_dragonmine_other_menus_clean_and_example/dragonmine_other_menus_single_elements/00_original_asset_sheets/neon_anime_combat_ui_asset_sheet.png,03_dragonmine_other_menus_clean_and_example,1448,1086,RGB,False,
03_dragonmine_other_menus_clean_and_example/dragonmine_other_menus_single_elements/00_original_asset_sheets/neon_anime_quest_tree_ui_sheet.png,03_dragonmine_other_menus_clean_and_example,1448,1086,RGB,False,
03_dragonmine_other_menus_clean_and_example/dragonmine_other_menus_single_elements/00_original_asset_sheets/neon_dragonmine_server_ui_asset_sheet.png,03_dragonmine_other_menus_clean_and_example,1448,1086,RGB,False,
03_dragonmine_other_menus_clean_and_example/dragonmine_other_menus_single_elements/00_original_asset_sheets/neon_sci_fi_options_ui_asset_sheet.png,03_dragonmine_other_menus_clean_and_example,1448,1086,RGB,False,
03_dragonmine_other_menus_clean_and_example/dragonmine_other_menus_single_elements/00_original_asset_sheets/neon_skills_ui_asset_sheet.png,03_dragonmine_other_menus_clean_and_example,1448,1086,RGB,False,
03_dragonmine_other_menus_clean_and_example/dragonmine_other_menus_single_elements/CONTACT_SHEET.jpg,03_dragonmine_other_menus_clean_and_example,880,2880,RGB,False,
03_dragonmine_other_menus_clean_and_example/dragonmine_other_menus_single_elements/minigames/00_full_screens/clean_full_screen.png,03_dragonmine_other_menus_clean_and_example,703,492,RGBA,True,"0,0,703,492"
03_dragonmine_other_menus_clean_and_example/dragonmine_other_menus_single_elements/minigames/00_full_screens/example_full_screen.png,03_dragonmine_other_menus_clean_and_example,690,493,RGBA,True,"0,0,690,493"
03_dragonmine_other_menus_clean_and_example/dragonmine_other_menus_single_elements/minigames/01_panels/body_text_panel_clean.png,03_dragonmine_other_menus_clean_and_example,215,88,RGBA,True,"0,0,215,88"
03_dragonmine_other_menus_clean_and_example/dragonmine_other_menus_single_elements/minigames/01_panels/clean_detail_panel.png,03_dragonmine_other_menus_clean_and_example,297,296,RGBA,True,"0,0,297,296"
03_dragonmine_other_menus_clean_and_example/dragonmine_other_menus_single_elements/minigames/01_panels/clean_list_panel.png,03_dragonmine_other_menus_clean_and_example,197,302,RGBA,True,"0,0,197,302"
03_dragonmine_other_menus_clean_and_example/dragonmine_other_menus_single_elements/minigames/01_panels/example_detail_panel.png,03_dragonmine_other_menus_clean_and_example,300,297,RGBA,True,"0,0,300,297"
03_dragonmine_other_menus_clean_and_example/dragonmine_other_menus_single_elements/minigames/01_panels/example_list_panel.png,03_dragonmine_other_menus_clean_and_example,211,303,RGBA,True,"0,0,211,303"
03_dragonmine_other_menus_clean_and_example/dragonmine_other_menus_single_elements/minigames/02_rows_buttons/arrow_up_down.png,03_dragonmine_other_menus_clean_and_example,50,114,RGBA,True,"0,0,50,114"
03_dragonmine_other_menus_clean_and_example/dragonmine_other_menus_single_elements/minigames/02_rows_buttons/normal_row_clean.png,03_dragonmine_other_menus_clean_and_example,291,61,RGBA,True,"0,0,291,61"
03_dragonmine_other_menus_clean_and_example/dragonmine_other_menus_single_elements/minigames/02_rows_buttons/normal_row_example.png,03_dragonmine_other_menus_clean_and_example,291,61,RGBA,True,"0,0,291,61"
03_dragonmine_other_menus_clean_and_example/dragonmine_other_menus_single_elements/minigames/02_rows_buttons/scrollbar.png,03_dragonmine_other_menus_clean_and_example,53,127,RGBA,True,"0,0,53,127"
03_dragonmine_other_menus_clean_and_example/dragonmine_other_menus_single_elements/minigames/02_rows_buttons/selected_row_clean.png,03_dragonmine_other_menus_clean_and_example,293,67,RGBA,True,"0,0,293,67"
03_dragonmine_other_menus_clean_and_example/dragonmine_other_menus_single_elements/minigames/02_rows_buttons/selected_row_example.png,03_dragonmine_other_menus_clean_and_example,291,68,RGBA,True,"0,0,291,68"
03_dragonmine_other_menus_clean_and_example/dragonmine_other_menus_single_elements/minigames/02_rows_buttons/start_button_clean.png,03_dragonmine_other_menus_clean_and_example,202,50,RGBA,True,"0,0,202,50"
03_dragonmine_other_menus_clean_and_example/dragonmine_other_menus_single_elements/minigames/02_rows_buttons/start_button_example.png,03_dragonmine_other_menus_clean_and_example,200,50,RGBA,True,"0,0,200,50"
03_dragonmine_other_menus_clean_and_example/dragonmine_other_menus_single_elements/minigames/03_headers_accents/icon_controller.png,03_dragonmine_other_menus_clean_and_example,36,47,RGBA,True,"0,0,36,47"
03_dragonmine_other_menus_clean_and_example/dragonmine_other_menus_single_elements/minigames/03_headers_accents/icon_fist.png,03_dragonmine_other_menus_clean_and_example,37,49,RGBA,True,"0,0,37,49"
03_dragonmine_other_menus_clean_and_example/dragonmine_other_menus_single_elements/minigames/03_headers_accents/icon_gravity.png,03_dragonmine_other_menus_clean_and_example,52,48,RGBA,True,"0,0,52,48"
03_dragonmine_other_menus_clean_and_example/dragonmine_other_menus_single_elements/minigames/03_headers_accents/icon_music.png,03_dragonmine_other_menus_clean_and_example,52,47,RGBA,True,"0,0,52,47"
03_dragonmine_other_menus_clean_and_example/dragonmine_other_menus_single_elements/minigames/03_headers_accents/icon_shadow.png,03_dragonmine_other_menus_clean_and_example,37,48,RGBA,True,"0,0,37,48"
03_dragonmine_other_menus_clean_and_example/dragonmine_other_menus_single_elements/minigames/03_headers_accents/icon_target.png,03_dragonmine_other_menus_clean_and_example,52,47,RGBA,True,"0,0,52,47"
03_dragonmine_other_menus_clean_and_example/dragonmine_other_menus_single_elements/minigames/03_headers_accents/title_bar_clean.png,03_dragonmine_other_menus_clean_and_example,204,91,RGBA,True,"0,0,204,91"
03_dragonmine_other_menus_clean_and_example/dragonmine_other_menus_single_elements/minigames/03_headers_accents/title_bar_example.png,03_dragonmine_other_menus_clean_and_example,210,91,RGBA,True,"0,0,210,91"
03_dragonmine_other_menus_clean_and_example/dragonmine_other_menus_single_elements/options/00_full_screens/clean_full_screen.png,03_dragonmine_other_menus_clean_and_example,690,480,RGBA,True,"0,0,690,480"
03_dragonmine_other_menus_clean_and_example/dragonmine_other_menus_single_elements/options/00_full_screens/example_full_screen.png,03_dragonmine_other_menus_clean_and_example,694,480,RGBA,True,"0,0,694,480"
03_dragonmine_other_menus_clean_and_example/dragonmine_other_menus_single_elements/options/01_panels/options_panel_clean.png,03_dragonmine_other_menus_clean_and_example,228,296,RGBA,True,"0,0,228,296"
03_dragonmine_other_menus_clean_and_example/dragonmine_other_menus_single_elements/options/01_panels/options_panel_example.png,03_dragonmine_other_menus_clean_and_example,207,296,RGBA,True,"0,0,207,296"
03_dragonmine_other_menus_clean_and_example/dragonmine_other_menus_single_elements/options/01_panels/values_panel_clean.png,03_dragonmine_other_menus_clean_and_example,216,296,RGBA,True,"0,0,216,296"
03_dragonmine_other_menus_clean_and_example/dragonmine_other_menus_single_elements/options/01_panels/values_panel_example.png,03_dragonmine_other_menus_clean_and_example,216,296,RGBA,True,"0,0,216,296"
03_dragonmine_other_menus_clean_and_example/dragonmine_other_menus_single_elements/options/02_rows_buttons/option_row_clean.png,03_dragonmine_other_menus_clean_and_example,234,51,RGBA,True,"0,0,234,51"
03_dragonmine_other_menus_clean_and_example/dragonmine_other_menus_single_elements/options/02_rows_buttons/option_row_example.png,03_dragonmine_other_menus_clean_and_example,237,55,RGBA,True,"0,0,237,55"
03_dragonmine_other_menus_clean_and_example/dragonmine_other_menus_single_elements/options/02_rows_buttons/scroll_bar.png,03_dragonmine_other_menus_clean_and_example,118,121,RGBA,True,"0,0,118,121"
03_dragonmine_other_menus_clean_and_example/dragonmine_other_menus_single_elements/options/02_rows_buttons/toggle_off.png,03_dragonmine_other_menus_clean_and_example,83,67,RGBA,True,"0,0,83,67"
03_dragonmine_other_menus_clean_and_example/dragonmine_other_menus_single_elements/options/02_rows_buttons/toggle_off_clean.png,03_dragonmine_other_menus_clean_and_example,93,60,RGBA,True,"0,0,93,60"
03_dragonmine_other_menus_clean_and_example/dragonmine_other_menus_single_elements/options/02_rows_buttons/toggle_on.png,03_dragonmine_other_menus_clean_and_example,81,68,RGBA,True,"0,0,81,68"
03_dragonmine_other_menus_clean_and_example/dragonmine_other_menus_single_elements/options/02_rows_buttons/toggle_on_clean.png,03_dragonmine_other_menus_clean_and_example,94,61,RGBA,True,"0,0,94,61"
03_dragonmine_other_menus_clean_and_example/dragonmine_other_menus_single_elements/options/02_rows_buttons/value_row_clean.png,03_dragonmine_other_menus_clean_and_example,191,49,RGBA,True,"0,0,191,49"
03_dragonmine_other_menus_clean_and_example/dragonmine_other_menus_single_elements/options/02_rows_buttons/value_row_example.png,03_dragonmine_other_menus_clean_and_example,191,50,RGBA,True,"0,0,191,50"
03_dragonmine_other_menus_clean_and_example/dragonmine_other_menus_single_elements/options/03_headers_accents/background_honeycomb.png,03_dragonmine_other_menus_clean_and_example,77,122,RGBA,True,"0,0,77,122"
03_dragonmine_other_menus_clean_and_example/dragonmine_other_menus_single_elements/options/03_headers_accents/background_ring.png,03_dragonmine_other_menus_clean_and_example,117,122,RGBA,True,"0,0,117,122"
03_dragonmine_other_menus_clean_and_example/dragonmine_other_menus_single_elements/options/03_headers_accents/corner_pieces.png,03_dragonmine_other_menus_clean_and_example,131,124,RGBA,True,"0,0,131,124"
03_dragonmine_other_menus_clean_and_example/dragonmine_other_menus_single_elements/options/03_headers_accents/dividers_accents.png,03_dragonmine_other_menus_clean_and_example,525,123,RGBA,True,"0,0,525,123"
03_dragonmine_other_menus_clean_and_example/dragonmine_other_menus_single_elements/options/03_headers_accents/header_bar_clean.png,03_dragonmine_other_menus_clean_and_example,221,87,RGBA,True,"0,0,221,87"
03_dragonmine_other_menus_clean_and_example/dragonmine_other_menus_single_elements/options/03_headers_accents/header_bar_example.png,03_dragonmine_other_menus_clean_and_example,216,87,RGBA,True,"0,0,216,87"
03_dragonmine_other_menus_clean_and_example/dragonmine_other_menus_single_elements/options/03_headers_accents/icon_kanji.png,03_dragonmine_other_menus_clean_and_example,114,123,RGBA,True,"0,0,114,123"
03_dragonmine_other_menus_clean_and_example/dragonmine_other_menus_single_elements/options/03_headers_accents/icon_stripes.png,03_dragonmine_other_menus_clean_and_example,65,69,RGBA,True,"0,0,65,69"
03_dragonmine_other_menus_clean_and_example/dragonmine_other_menus_single_elements/quest_tree/00_full_screens/clean_full_screen.png,03_dragonmine_other_menus_clean_and_example,697,500,RGBA,True,"0,0,697,500"
03_dragonmine_other_menus_clean_and_example/dragonmine_other_menus_single_elements/quest_tree/00_full_screens/example_full_screen.png,03_dragonmine_other_menus_clean_and_example,696,500,RGBA,True,"0,0,696,500"
03_dragonmine_other_menus_clean_and_example/dragonmine_other_menus_single_elements/quest_tree/01_panels/clean_left_quest_panel.png,03_dragonmine_other_menus_clean_and_example,205,422,RGBA,True,"0,0,205,422"
03_dragonmine_other_menus_clean_and_example/dragonmine_other_menus_single_elements/quest_tree/01_panels/clean_map_panel.png,03_dragonmine_other_menus_clean_and_example,325,276,RGBA,True,"0,0,325,276"
03_dragonmine_other_menus_clean_and_example/dragonmine_other_menus_single_elements/quest_tree/01_panels/example_left_quest_panel.png,03_dragonmine_other_menus_clean_and_example,209,422,RGBA,True,"0,0,209,422"
03_dragonmine_other_menus_clean_and_example/dragonmine_other_menus_single_elements/quest_tree/01_panels/example_map_panel.png,03_dragonmine_other_menus_clean_and_example,354,276,RGBA,True,"0,0,354,276"
03_dragonmine_other_menus_clean_and_example/dragonmine_other_menus_single_elements/quest_tree/02_rows_buttons/node_active.png,03_dragonmine_other_menus_clean_and_example,94,124,RGBA,True,"0,0,94,124"
03_dragonmine_other_menus_clean_and_example/dragonmine_other_menus_single_elements/quest_tree/02_rows_buttons/node_clean.png,03_dragonmine_other_menus_clean_and_example,90,123,RGBA,True,"0,0,90,123"
03_dragonmine_other_menus_clean_and_example/dragonmine_other_menus_single_elements/quest_tree/02_rows_buttons/node_locked.png,03_dragonmine_other_menus_clean_and_example,86,122,RGBA,True,"0,0,86,122"
03_dragonmine_other_menus_clean_and_example/dragonmine_other_menus_single_elements/quest_tree/02_rows_buttons/normal_row_clean.png,03_dragonmine_other_menus_clean_and_example,169,50,RGBA,True,"0,0,169,50"
03_dragonmine_other_menus_clean_and_example/dragonmine_other_menus_single_elements/quest_tree/02_rows_buttons/normal_row_example.png,03_dragonmine_other_menus_clean_and_example,167,51,RGBA,True,"0,0,167,51"
03_dragonmine_other_menus_clean_and_example/dragonmine_other_menus_single_elements/quest_tree/02_rows_buttons/selected_row_clean.png,03_dragonmine_other_menus_clean_and_example,171,67,RGBA,True,"0,0,171,67"
03_dragonmine_other_menus_clean_and_example/dragonmine_other_menus_single_elements/quest_tree/02_rows_buttons/selected_row_example.png,03_dragonmine_other_menus_clean_and_example,171,67,RGBA,True,"0,0,171,67"
03_dragonmine_other_menus_clean_and_example/dragonmine_other_menus_single_elements/quest_tree/03_headers_accents/chapter_title_bar_clean.png,03_dragonmine_other_menus_clean_and_example,276,69,RGBA,True,"0,0,276,69"
03_dragonmine_other_menus_clean_and_example/dragonmine_other_menus_single_elements/quest_tree/03_headers_accents/chapter_title_bar_example.png,03_dragonmine_other_menus_clean_and_example,276,71,RGBA,True,"0,0,276,71"
03_dragonmine_other_menus_clean_and_example/dragonmine_other_menus_single_elements/quest_tree/03_headers_accents/connector_line.png,03_dragonmine_other_menus_clean_and_example,256,113,RGBA,True,"0,0,256,113"
03_dragonmine_other_menus_clean_and_example/dragonmine_other_menus_single_elements/quest_tree/03_headers_accents/difficulty_label_clean.png,03_dragonmine_other_menus_clean_and_example,146,50,RGBA,True,"0,0,146,50"
03_dragonmine_other_menus_clean_and_example/dragonmine_other_menus_single_elements/quest_tree/03_headers_accents/difficulty_label_example.png,03_dragonmine_other_menus_clean_and_example,148,55,RGBA,True,"0,0,148,55"
03_dragonmine_other_menus_clean_and_example/dragonmine_other_menus_single_elements/quest_tree/03_headers_accents/progress_bar_clean.png,03_dragonmine_other_menus_clean_and_example,186,48,RGBA,True,"0,0,186,48"
03_dragonmine_other_menus_clean_and_example/dragonmine_other_menus_single_elements/quest_tree/03_headers_accents/progress_bar_example.png,03_dragonmine_other_menus_clean_and_example,185,55,RGBA,True,"0,0,185,55"
03_dragonmine_other_menus_clean_and_example/dragonmine_other_menus_single_elements/server_menu/00_full_screens/clean_full_screen.png,03_dragonmine_other_menus_clean_and_example,700,480,RGBA,True,"0,0,700,480"
03_dragonmine_other_menus_clean_and_example/dragonmine_other_menus_single_elements/server_menu/00_full_screens/example_full_screen.png,03_dragonmine_other_menus_clean_and_example,690,480,RGBA,True,"0,0,690,480"
03_dragonmine_other_menus_clean_and_example/dragonmine_other_menus_single_elements/server_menu/01_panels/clean_left_panel.png,03_dragonmine_other_menus_clean_and_example,203,419,RGBA,True,"0,0,203,419"
03_dragonmine_other_menus_clean_and_example/dragonmine_other_menus_single_elements/server_menu/01_panels/clean_right_panel.png,03_dragonmine_other_menus_clean_and_example,190,422,RGBA,True,"0,0,190,422"
03_dragonmine_other_menus_clean_and_example/dragonmine_other_menus_single_elements/server_menu/01_panels/example_left_panel.png,03_dragonmine_other_menus_clean_and_example,200,419,RGBA,True,"0,0,200,419"
03_dragonmine_other_menus_clean_and_example/dragonmine_other_menus_single_elements/server_menu/01_panels/example_right_panel.png,03_dragonmine_other_menus_clean_and_example,187,422,RGBA,True,"0,0,187,422"
03_dragonmine_other_menus_clean_and_example/dragonmine_other_menus_single_elements/server_menu/02_rows_buttons/clean_list_row.png,03_dragonmine_other_menus_clean_and_example,151,57,RGBA,True,"0,0,151,57"
03_dragonmine_other_menus_clean_and_example/dragonmine_other_menus_single_elements/server_menu/02_rows_buttons/clean_stats_button.png,03_dragonmine_other_menus_clean_and_example,188,74,RGBA,True,"0,0,188,74"
03_dragonmine_other_menus_clean_and_example/dragonmine_other_menus_single_elements/server_menu/02_rows_buttons/example_list_row.png,03_dragonmine_other_menus_clean_and_example,167,57,RGBA,True,"0,0,167,57"
03_dragonmine_other_menus_clean_and_example/dragonmine_other_menus_single_elements/server_menu/02_rows_buttons/example_stats_button.png,03_dragonmine_other_menus_clean_and_example,189,78,RGBA,True,"0,0,189,78"
03_dragonmine_other_menus_clean_and_example/dragonmine_other_menus_single_elements/server_menu/02_rows_buttons/left_arrow.png,03_dragonmine_other_menus_clean_and_example,85,94,RGBA,True,"0,0,85,94"
03_dragonmine_other_menus_clean_and_example/dragonmine_other_menus_single_elements/server_menu/02_rows_buttons/right_arrow.png,03_dragonmine_other_menus_clean_and_example,82,94,RGBA,True,"0,0,82,94"
03_dragonmine_other_menus_clean_and_example/dragonmine_other_menus_single_elements/server_menu/03_headers_accents/accent_corner_blue_frame.png,03_dragonmine_other_menus_clean_and_example,153,111,RGBA,True,"0,0,153,111"
03_dragonmine_other_menus_clean_and_example/dragonmine_other_menus_single_elements/server_menu/03_headers_accents/accent_corner_orange.png,03_dragonmine_other_menus_clean_and_example,86,68,RGBA,True,"0,0,86,68"
03_dragonmine_other_menus_clean_and_example/dragonmine_other_menus_single_elements/server_menu/03_headers_accents/accent_long_divider.png,03_dragonmine_other_menus_clean_and_example,234,47,RGBA,True,"0,0,234,47"
03_dragonmine_other_menus_clean_and_example/dragonmine_other_menus_single_elements/server_menu/03_headers_accents/clean_header_bar.png,03_dragonmine_other_menus_clean_and_example,324,113,RGBA,True,"0,0,324,113"
03_dragonmine_other_menus_clean_and_example/dragonmine_other_menus_single_elements/server_menu/03_headers_accents/example_header_bar.png,03_dragonmine_other_menus_clean_and_example,330,119,RGBA,True,"0,0,330,119"
03_dragonmine_other_menus_clean_and_example/dragonmine_other_menus_single_elements/skills_information/00_full_screens/clean_full_screen.png,03_dragonmine_other_menus_clean_and_example,701,492,RGBA,True,"0,0,701,492"
03_dragonmine_other_menus_clean_and_example/dragonmine_other_menus_single_elements/skills_information/00_full_screens/example_full_screen.png,03_dragonmine_other_menus_clean_and_example,681,492,RGBA,True,"0,0,681,492"
03_dragonmine_other_menus_clean_and_example/dragonmine_other_menus_single_elements/skills_information/01_panels/clean_bottom_strip.png,03_dragonmine_other_menus_clean_and_example,270,90,RGBA,True,"0,0,270,90"
03_dragonmine_other_menus_clean_and_example/dragonmine_other_menus_single_elements/skills_information/01_panels/clean_detail_panel.png,03_dragonmine_other_menus_clean_and_example,222,150,RGBA,True,"0,0,222,150"
03_dragonmine_other_menus_clean_and_example/dragonmine_other_menus_single_elements/skills_information/01_panels/clean_left_panel.png,03_dragonmine_other_menus_clean_and_example,240,292,RGBA,True,"0,0,240,292"
03_dragonmine_other_menus_clean_and_example/dragonmine_other_menus_single_elements/skills_information/01_panels/example_bottom_strip.png,03_dragonmine_other_menus_clean_and_example,267,95,RGBA,True,"0,0,267,95"
03_dragonmine_other_menus_clean_and_example/dragonmine_other_menus_single_elements/skills_information/01_panels/example_detail_panel.png,03_dragonmine_other_menus_clean_and_example,285,150,RGBA,True,"0,0,285,150"
03_dragonmine_other_menus_clean_and_example/dragonmine_other_menus_single_elements/skills_information/01_panels/example_left_panel.png,03_dragonmine_other_menus_clean_and_example,208,289,RGBA,True,"0,0,208,289"
03_dragonmine_other_menus_clean_and_example/dragonmine_other_menus_single_elements/skills_information/02_rows_buttons/clean_skill_row.png,03_dragonmine_other_menus_clean_and_example,281,59,RGBA,True,"0,0,281,59"
03_dragonmine_other_menus_clean_and_example/dragonmine_other_menus_single_elements/skills_information/02_rows_buttons/example_skill_row.png,03_dragonmine_other_menus_clean_and_example,280,58,RGBA,True,"0,0,280,58"
03_dragonmine_other_menus_clean_and_example/dragonmine_other_menus_single_elements/skills_information/02_rows_buttons/scroll_down.png,03_dragonmine_other_menus_clean_and_example,77,83,RGBA,True,"0,0,77,83"
03_dragonmine_other_menus_clean_and_example/dragonmine_other_menus_single_elements/skills_information/02_rows_buttons/scroll_up.png,03_dragonmine_other_menus_clean_and_example,77,82,RGBA,True,"0,0,77,82"
03_dragonmine_other_menus_clean_and_example/dragonmine_other_menus_single_elements/skills_information/02_rows_buttons/selected_skill_row.png,03_dragonmine_other_menus_clean_and_example,287,61,RGBA,True,"0,0,287,61"
03_dragonmine_other_menus_clean_and_example/dragonmine_other_menus_single_elements/skills_information/02_rows_buttons/tab_button_clean.png,03_dragonmine_other_menus_clean_and_example,80,92,RGBA,True,"0,0,80,92"
03_dragonmine_other_menus_clean_and_example/dragonmine_other_menus_single_elements/skills_information/02_rows_buttons/tab_button_example.png,03_dragonmine_other_menus_clean_and_example,79,93,RGBA,True,"0,0,79,93"
03_dragonmine_other_menus_clean_and_example/dragonmine_other_menus_single_elements/skills_information/02_rows_buttons/tab_button_selected.png,03_dragonmine_other_menus_clean_and_example,87,97,RGBA,True,"0,0,87,97"
03_dragonmine_other_menus_clean_and_example/dragonmine_other_menus_single_elements/skills_information/03_headers_accents/accent_blue_divider.png,03_dragonmine_other_menus_clean_and_example,133,63,RGBA,True,"0,0,133,63"
03_dragonmine_other_menus_clean_and_example/dragonmine_other_menus_single_elements/skills_information/03_headers_accents/accent_corner_frame.png,03_dragonmine_other_menus_clean_and_example,97,136,RGBA,True,"0,0,97,136"
03_dragonmine_other_menus_clean_and_example/dragonmine_other_menus_single_elements/skills_information/03_headers_accents/accent_honeycomb.png,03_dragonmine_other_menus_clean_and_example,67,81,RGBA,True,"0,0,67,81"
03_dragonmine_other_menus_clean_and_example/dragonmine_other_menus_single_elements/skills_information/03_headers_accents/accent_orange_divider.png,03_dragonmine_other_menus_clean_and_example,142,44,RGBA,True,"0,0,142,44"
03_dragonmine_other_menus_clean_and_example/dragonmine_other_menus_single_elements/skills_information/03_headers_accents/clean_top_information_panel.png,03_dragonmine_other_menus_clean_and_example,282,106,RGBA,True,"0,0,282,106"
03_dragonmine_other_menus_clean_and_example/dragonmine_other_menus_single_elements/skills_information/03_headers_accents/example_top_information_panel.png,03_dragonmine_other_menus_clean_and_example,279,153,RGBA,True,"0,0,279,153"
04_dragonmine_status_redesign_v3/dragonmine_redesign_single_elements_v3/00_reference/example_full_ui_reference.png,04_dragonmine_status_redesign_v3,1672,941,RGBA,True,"0,0,1672,941"
04_dragonmine_status_redesign_v3/dragonmine_redesign_single_elements_v3/01_panels/clean_information_panel.png,04_dragonmine_status_redesign_v3,1024,1531,RGBA,True,"0,12,1012,1531"
04_dragonmine_status_redesign_v3/dragonmine_redesign_single_elements_v3/01_panels/clean_statistics_panel.png,04_dragonmine_status_redesign_v3,1024,1498,RGBA,True,"0,0,1012,1486"
04_dragonmine_status_redesign_v3/dragonmine_redesign_single_elements_v3/01_panels/example_information_panel.png,04_dragonmine_status_redesign_v3,989,1461,RGBA,True,"12,12,977,1449"
04_dragonmine_status_redesign_v3/dragonmine_redesign_single_elements_v3/01_panels/example_statistics_panel.png,04_dragonmine_status_redesign_v3,1023,1536,RGBA,True,"0,0,1011,1536"
04_dragonmine_status_redesign_v3/dragonmine_redesign_single_elements_v3/02_headers/clean_information_header.png,04_dragonmine_status_redesign_v3,960,285,RGBA,True,"0,5,960,285"
04_dragonmine_status_redesign_v3/dragonmine_redesign_single_elements_v3/02_headers/clean_information_stats_header.png,04_dragonmine_status_redesign_v3,810,135,RGBA,True,"0,0,810,135"
04_dragonmine_status_redesign_v3/dragonmine_redesign_single_elements_v3/02_headers/clean_statistics_header.png,04_dragonmine_status_redesign_v3,870,230,RGBA,True,"0,0,870,230"
04_dragonmine_status_redesign_v3/dragonmine_redesign_single_elements_v3/02_headers/example_information_header.png,04_dragonmine_status_redesign_v3,925,255,RGBA,True,"0,0,914,255"
04_dragonmine_status_redesign_v3/dragonmine_redesign_single_elements_v3/02_headers/example_information_stats_header.png,04_dragonmine_status_redesign_v3,795,130,RGBA,True,"0,0,795,130"
04_dragonmine_status_redesign_v3/dragonmine_redesign_single_elements_v3/02_headers/example_statistics_header.png,04_dragonmine_status_redesign_v3,840,205,RGBA,True,"0,0,840,205"
04_dragonmine_status_redesign_v3/dragonmine_redesign_single_elements_v3/03_information_basic_rows/clean_class_row.png,04_dragonmine_status_redesign_v3,900,110,RGBA,True,"0,0,900,110"
04_dragonmine_status_redesign_v3/dragonmine_redesign_single_elements_v3/03_information_basic_rows/clean_form_row.png,04_dragonmine_status_redesign_v3,900,110,RGBA,True,"0,0,900,110"
04_dragonmine_status_redesign_v3/dragonmine_redesign_single_elements_v3/03_information_basic_rows/clean_level_row.png,04_dragonmine_status_redesign_v3,900,110,RGBA,True,"0,0,900,110"
04_dragonmine_status_redesign_v3/dragonmine_redesign_single_elements_v3/03_information_basic_rows/clean_tps_row.png,04_dragonmine_status_redesign_v3,900,110,RGBA,True,"0,0,900,110"
04_dragonmine_status_redesign_v3/dragonmine_redesign_single_elements_v3/03_information_basic_rows/example_class_row.png,04_dragonmine_status_redesign_v3,900,110,RGBA,True,"0,0,900,110"
04_dragonmine_status_redesign_v3/dragonmine_redesign_single_elements_v3/03_information_basic_rows/example_form_row.png,04_dragonmine_status_redesign_v3,900,110,RGBA,True,"0,0,900,110"
04_dragonmine_status_redesign_v3/dragonmine_redesign_single_elements_v3/03_information_basic_rows/example_level_row.png,04_dragonmine_status_redesign_v3,900,110,RGBA,True,"0,0,900,110"
04_dragonmine_status_redesign_v3/dragonmine_redesign_single_elements_v3/03_information_basic_rows/example_tps_row.png,04_dragonmine_status_redesign_v3,900,110,RGBA,True,"0,0,900,110"
04_dragonmine_status_redesign_v3/dragonmine_redesign_single_elements_v3/04_information_stat_rows/clean_ene_row.png,04_dragonmine_status_redesign_v3,1040,126,RGBA,True,"0,0,1040,126"
04_dragonmine_status_redesign_v3/dragonmine_redesign_single_elements_v3/04_information_stat_rows/clean_information_stat_row_generic.png,04_dragonmine_status_redesign_v3,1040,126,RGBA,True,"0,0,1040,126"
04_dragonmine_status_redesign_v3/dragonmine_redesign_single_elements_v3/04_information_stat_rows/clean_pur_row.png,04_dragonmine_status_redesign_v3,1040,126,RGBA,True,"0,0,1040,126"
04_dragonmine_status_redesign_v3/dragonmine_redesign_single_elements_v3/04_information_stat_rows/clean_res_row.png,04_dragonmine_status_redesign_v3,1040,126,RGBA,True,"0,0,1040,126"
04_dragonmine_status_redesign_v3/dragonmine_redesign_single_elements_v3/04_information_stat_rows/clean_skp_row.png,04_dragonmine_status_redesign_v3,1040,126,RGBA,True,"0,0,1040,126"
04_dragonmine_status_redesign_v3/dragonmine_redesign_single_elements_v3/04_information_stat_rows/clean_str_row.png,04_dragonmine_status_redesign_v3,1040,126,RGBA,True,"0,0,1040,126"
04_dragonmine_status_redesign_v3/dragonmine_redesign_single_elements_v3/04_information_stat_rows/clean_tpc_row.png,04_dragonmine_status_redesign_v3,1040,126,RGBA,True,"0,0,1040,126"
04_dragonmine_status_redesign_v3/dragonmine_redesign_single_elements_v3/04_information_stat_rows/clean_vit_row.png,04_dragonmine_status_redesign_v3,1040,126,RGBA,True,"0,0,1040,126"
04_dragonmine_status_redesign_v3/dragonmine_redesign_single_elements_v3/04_information_stat_rows/example_ene_row.png,04_dragonmine_status_redesign_v3,1040,126,RGBA,True,"0,0,1040,126"
04_dragonmine_status_redesign_v3/dragonmine_redesign_single_elements_v3/04_information_stat_rows/example_pur_row.png,04_dragonmine_status_redesign_v3,1040,126,RGBA,True,"0,0,1040,126"
04_dragonmine_status_redesign_v3/dragonmine_redesign_single_elements_v3/04_information_stat_rows/example_res_row.png,04_dragonmine_status_redesign_v3,1040,126,RGBA,True,"0,0,1040,126"
04_dragonmine_status_redesign_v3/dragonmine_redesign_single_elements_v3/04_information_stat_rows/example_skp_row.png,04_dragonmine_status_redesign_v3,1040,126,RGBA,True,"0,0,1040,126"
04_dragonmine_status_redesign_v3/dragonmine_redesign_single_elements_v3/04_information_stat_rows/example_str_row.png,04_dragonmine_status_redesign_v3,1040,126,RGBA,True,"0,0,1040,126"
04_dragonmine_status_redesign_v3/dragonmine_redesign_single_elements_v3/04_information_stat_rows/example_tpc_row.png,04_dragonmine_status_redesign_v3,1040,126,RGBA,True,"0,0,1040,126"
04_dragonmine_status_redesign_v3/dragonmine_redesign_single_elements_v3/04_information_stat_rows/example_vit_row.png,04_dragonmine_status_redesign_v3,1040,126,RGBA,True,"0,0,1040,126"
04_dragonmine_status_redesign_v3/dragonmine_redesign_single_elements_v3/05_statistics_rows/clean_defense_row.png,04_dragonmine_status_redesign_v3,1040,126,RGBA,True,"0,0,1040,126"
04_dragonmine_status_redesign_v3/dragonmine_redesign_single_elements_v3/05_statistics_rows/clean_gravity_row.png,04_dragonmine_status_redesign_v3,1040,126,RGBA,True,"0,0,1040,126"
04_dragonmine_status_redesign_v3/dragonmine_redesign_single_elements_v3/05_statistics_rows/clean_health_row.png,04_dragonmine_status_redesign_v3,1040,126,RGBA,True,"0,0,1040,126"
04_dragonmine_status_redesign_v3/dragonmine_redesign_single_elements_v3/05_statistics_rows/clean_ki_dmg_row.png,04_dragonmine_status_redesign_v3,1040,126,RGBA,True,"0,0,1040,126"
04_dragonmine_status_redesign_v3/dragonmine_redesign_single_elements_v3/05_statistics_rows/clean_max_ki_row.png,04_dragonmine_status_redesign_v3,1040,126,RGBA,True,"0,0,1040,126"
04_dragonmine_status_redesign_v3/dragonmine_redesign_single_elements_v3/05_statistics_rows/clean_melee_dmg_row.png,04_dragonmine_status_redesign_v3,1040,126,RGBA,True,"0,0,1040,126"
04_dragonmine_status_redesign_v3/dragonmine_redesign_single_elements_v3/05_statistics_rows/clean_power_level_row.png,04_dragonmine_status_redesign_v3,1040,126,RGBA,True,"0,0,1040,126"
04_dragonmine_status_redesign_v3/dragonmine_redesign_single_elements_v3/05_statistics_rows/clean_stamina_row.png,04_dragonmine_status_redesign_v3,1040,126,RGBA,True,"0,0,1040,126"
04_dragonmine_status_redesign_v3/dragonmine_redesign_single_elements_v3/05_statistics_rows/clean_statistics_row_generic.png,04_dragonmine_status_redesign_v3,1040,126,RGBA,True,"0,0,1040,126"
04_dragonmine_status_redesign_v3/dragonmine_redesign_single_elements_v3/05_statistics_rows/clean_strike_dmg_row.png,04_dragonmine_status_redesign_v3,1040,126,RGBA,True,"0,0,1040,126"
04_dragonmine_status_redesign_v3/dragonmine_redesign_single_elements_v3/05_statistics_rows/clean_tp_multiplier_row.png,04_dragonmine_status_redesign_v3,1040,126,RGBA,True,"0,0,1040,126"
04_dragonmine_status_redesign_v3/dragonmine_redesign_single_elements_v3/05_statistics_rows/example_melee_dmg_row.png,04_dragonmine_status_redesign_v3,1040,126,RGBA,True,"0,0,1040,126"
04_dragonmine_status_redesign_v3/dragonmine_redesign_single_elements_v3/06_nameplate/clean_nameplate.png,04_dragonmine_status_redesign_v3,1536,1003,RGBA,True,"0,12,1525,991"
04_dragonmine_status_redesign_v3/dragonmine_redesign_single_elements_v3/06_nameplate/example_nameplate_dev_saiyan.png,04_dragonmine_status_redesign_v3,1536,1001,RGBA,True,"8,12,1535,989"
04_dragonmine_status_redesign_v3/dragonmine_redesign_single_elements_v3/07_navigation_buttons/clean_character_button.png,04_dragonmine_status_redesign_v3,1239,1249,RGBA,True,"0,12,1227,1249"
04_dragonmine_status_redesign_v3/dragonmine_redesign_single_elements_v3/07_navigation_buttons/clean_items_button.png,04_dragonmine_status_redesign_v3,1239,1249,RGBA,True,"0,12,1227,1249"
04_dragonmine_status_redesign_v3/dragonmine_redesign_single_elements_v3/07_navigation_buttons/clean_navigation_button_base.png,04_dragonmine_status_redesign_v3,1239,1249,RGBA,True,"0,12,1227,1249"
04_dragonmine_status_redesign_v3/dragonmine_redesign_single_elements_v3/07_navigation_buttons/clean_party_button.png,04_dragonmine_status_redesign_v3,1239,1249,RGBA,True,"0,12,1227,1249"
04_dragonmine_status_redesign_v3/dragonmine_redesign_single_elements_v3/07_navigation_buttons/clean_quests_button.png,04_dragonmine_status_redesign_v3,1239,1249,RGBA,True,"0,12,1227,1249"
04_dragonmine_status_redesign_v3/dragonmine_redesign_single_elements_v3/07_navigation_buttons/clean_settings_button.png,04_dragonmine_status_redesign_v3,1239,1249,RGBA,True,"0,12,1227,1249"
04_dragonmine_status_redesign_v3/dragonmine_redesign_single_elements_v3/07_navigation_buttons/clean_skills_button.png,04_dragonmine_status_redesign_v3,1239,1249,RGBA,True,"0,12,1227,1249"
04_dragonmine_status_redesign_v3/dragonmine_redesign_single_elements_v3/07_navigation_buttons/example_character_button.png,04_dragonmine_status_redesign_v3,1254,1229,RGBA,True,"0,12,1242,1217"
04_dragonmine_status_redesign_v3/dragonmine_redesign_single_elements_v3/07_navigation_buttons/example_items_button.png,04_dragonmine_status_redesign_v3,1182,1185,RGBA,True,"0,12,1170,1173"
04_dragonmine_status_redesign_v3/dragonmine_redesign_single_elements_v3/07_navigation_buttons/example_party_button.png,04_dragonmine_status_redesign_v3,1218,1217,RGBA,True,"0,12,1206,1205"
04_dragonmine_status_redesign_v3/dragonmine_redesign_single_elements_v3/07_navigation_buttons/example_quests_button.png,04_dragonmine_status_redesign_v3,1250,1224,RGBA,True,"0,12,1238,1212"
04_dragonmine_status_redesign_v3/dragonmine_redesign_single_elements_v3/07_navigation_buttons/example_settings_button.png,04_dragonmine_status_redesign_v3,1250,1212,RGBA,True,"0,12,1238,1200"
04_dragonmine_status_redesign_v3/dragonmine_redesign_single_elements_v3/07_navigation_buttons/example_skills_button.png,04_dragonmine_status_redesign_v3,1242,1217,RGBA,True,"0,12,1230,1205"
04_dragonmine_status_redesign_v3/dragonmine_redesign_single_elements_v3/08_icons/example_blue_orb_icon.png,04_dragonmine_status_redesign_v3,521,907,RGBA,True,"0,10,521,907"
04_dragonmine_status_redesign_v3/dragonmine_redesign_single_elements_v3/08_icons/example_orange_orb_icon.png,04_dragonmine_status_redesign_v3,541,941,RGBA,True,"0,0,541,931"
04_dragonmine_status_redesign_v3/dragonmine_redesign_single_elements_v3/08_icons/example_red_orb_icon.png,04_dragonmine_status_redesign_v3,522,915,RGBA,True,"0,10,522,905"
04_dragonmine_status_redesign_v3/dragonmine_redesign_single_elements_v3/09_micro_elements/clean_multiplier_field.png,04_dragonmine_status_redesign_v3,260,110,RGBA,True,"8,14,253,97"
04_dragonmine_status_redesign_v3/dragonmine_redesign_single_elements_v3/09_micro_elements/clean_plus_button.png,04_dragonmine_status_redesign_v3,128,128,RGBA,True,"0,0,128,128"
04_dragonmine_status_redesign_v3/dragonmine_redesign_single_elements_v3/09_micro_elements/example_ene_label.png,04_dragonmine_status_redesign_v3,129,67,RGBA,True,"5,5,124,62"
04_dragonmine_status_redesign_v3/dragonmine_redesign_single_elements_v3/09_micro_elements/example_ene_multiplier.png,04_dragonmine_status_redesign_v3,74,59,RGBA,True,"5,5,69,54"
04_dragonmine_status_redesign_v3/dragonmine_redesign_single_elements_v3/09_micro_elements/example_ene_value.png,04_dragonmine_status_redesign_v3,275,66,RGBA,True,"5,5,270,61"
04_dragonmine_status_redesign_v3/dragonmine_redesign_single_elements_v3/09_micro_elements/example_pur_label.png,04_dragonmine_status_redesign_v3,138,67,RGBA,True,"5,5,133,62"
04_dragonmine_status_redesign_v3/dragonmine_redesign_single_elements_v3/09_micro_elements/example_pur_multiplier.png,04_dragonmine_status_redesign_v3,114,59,RGBA,True,"5,5,109,54"
04_dragonmine_status_redesign_v3/dragonmine_redesign_single_elements_v3/09_micro_elements/example_pur_value.png,04_dragonmine_status_redesign_v3,178,66,RGBA,True,"5,5,173,61"
04_dragonmine_status_redesign_v3/dragonmine_redesign_single_elements_v3/09_micro_elements/example_res_label.png,04_dragonmine_status_redesign_v3,122,67,RGBA,True,"5,5,117,62"
04_dragonmine_status_redesign_v3/dragonmine_redesign_single_elements_v3/09_micro_elements/example_res_multiplier.png,04_dragonmine_status_redesign_v3,114,59,RGBA,True,"5,5,109,54"
04_dragonmine_status_redesign_v3/dragonmine_redesign_single_elements_v3/09_micro_elements/example_res_value.png,04_dragonmine_status_redesign_v3,277,66,RGBA,True,"5,5,272,61"
04_dragonmine_status_redesign_v3/dragonmine_redesign_single_elements_v3/09_micro_elements/example_skp_label.png,04_dragonmine_status_redesign_v3,131,67,RGBA,True,"5,5,126,62"
04_dragonmine_status_redesign_v3/dragonmine_redesign_single_elements_v3/09_micro_elements/example_skp_multiplier.png,04_dragonmine_status_redesign_v3,114,59,RGBA,True,"5,5,109,54"
04_dragonmine_status_redesign_v3/dragonmine_redesign_single_elements_v3/09_micro_elements/example_skp_value.png,04_dragonmine_status_redesign_v3,204,66,RGBA,True,"5,5,199,61"
04_dragonmine_status_redesign_v3/dragonmine_redesign_single_elements_v3/09_micro_elements/example_str_label.png,04_dragonmine_status_redesign_v3,127,67,RGBA,True,"5,5,122,62"
04_dragonmine_status_redesign_v3/dragonmine_redesign_single_elements_v3/09_micro_elements/example_str_multiplier.png,04_dragonmine_status_redesign_v3,114,59,RGBA,True,"5,5,109,54"
04_dragonmine_status_redesign_v3/dragonmine_redesign_single_elements_v3/09_micro_elements/example_str_value.png,04_dragonmine_status_redesign_v3,206,66,RGBA,True,"5,5,201,61"
04_dragonmine_status_redesign_v3/dragonmine_redesign_single_elements_v3/09_micro_elements/example_tpc_label.png,04_dragonmine_status_redesign_v3,132,67,RGBA,True,"5,5,127,62"
04_dragonmine_status_redesign_v3/dragonmine_redesign_single_elements_v3/09_micro_elements/example_tpc_multiplier.png,04_dragonmine_status_redesign_v3,74,59,RGBA,True,"5,5,69,54"
04_dragonmine_status_redesign_v3/dragonmine_redesign_single_elements_v3/09_micro_elements/example_tpc_value.png,04_dragonmine_status_redesign_v3,276,66,RGBA,True,"5,5,271,61"
04_dragonmine_status_redesign_v3/dragonmine_redesign_single_elements_v3/09_micro_elements/example_vit_label.png,04_dragonmine_status_redesign_v3,118,67,RGBA,True,"5,5,113,62"
04_dragonmine_status_redesign_v3/dragonmine_redesign_single_elements_v3/09_micro_elements/example_vit_multiplier.png,04_dragonmine_status_redesign_v3,74,59,RGBA,True,"5,5,69,54"
04_dragonmine_status_redesign_v3/dragonmine_redesign_single_elements_v3/09_micro_elements/example_vit_value.png,04_dragonmine_status_redesign_v3,275,66,RGBA,True,"5,5,270,61"
04_dragonmine_status_redesign_v3/dragonmine_redesign_single_elements_v3/10_overlays/clean_blue_orange_divider.png,04_dragonmine_status_redesign_v3,700,80,RGBA,True,"41,18,660,63"
04_dragonmine_status_redesign_v3/dragonmine_redesign_single_elements_v3/10_overlays/clean_character_scan_ring.png,04_dragonmine_status_redesign_v3,640,640,RGBA,True,"73,69,571,572"
04_dragonmine_status_redesign_v3/dragonmine_redesign_single_elements_v3/CONTACT_SHEET.jpg,04_dragonmine_status_redesign_v3,1000,2280,RGB,False,
05_dragonmine_hd_ui_v4/dragonmine_hd_ui_single_elements_v4/00_reference/reference_redesign_full_screen.png,05_dragonmine_hd_ui_v4,1672,941,RGBA,True,"0,0,1672,941"
05_dragonmine_hd_ui_v4/dragonmine_hd_ui_single_elements_v4/01_panels/clean_information_panel.png,05_dragonmine_hd_ui_v4,510,700,RGBA,True,"0,0,510,700"
05_dragonmine_hd_ui_v4/dragonmine_hd_ui_single_elements_v4/01_panels/clean_nameplate.png,05_dragonmine_hd_ui_v4,980,180,RGBA,True,"0,0,980,180"
05_dragonmine_hd_ui_v4/dragonmine_hd_ui_single_elements_v4/01_panels/clean_statistics_panel.png,05_dragonmine_hd_ui_v4,500,710,RGBA,True,"0,0,500,710"
05_dragonmine_hd_ui_v4/dragonmine_hd_ui_single_elements_v4/01_panels/example_information_panel.png,05_dragonmine_hd_ui_v4,510,700,RGBA,True,"0,0,510,700"
05_dragonmine_hd_ui_v4/dragonmine_hd_ui_single_elements_v4/01_panels/example_nameplate_dev_saiyan.png,05_dragonmine_hd_ui_v4,980,180,RGBA,True,"0,0,980,180"
05_dragonmine_hd_ui_v4/dragonmine_hd_ui_single_elements_v4/01_panels/example_statistics_panel.png,05_dragonmine_hd_ui_v4,500,710,RGBA,True,"0,0,500,710"
05_dragonmine_hd_ui_v4/dragonmine_hd_ui_single_elements_v4/02_headers/clean_information_header.png,05_dragonmine_hd_ui_v4,420,88,RGBA,True,"0,0,420,88"
05_dragonmine_hd_ui_v4/dragonmine_hd_ui_single_elements_v4/02_headers/clean_statistics_header.png,05_dragonmine_hd_ui_v4,420,88,RGBA,True,"0,0,420,88"
05_dragonmine_hd_ui_v4/dragonmine_hd_ui_single_elements_v4/02_headers/clean_stats_subheader.png,05_dragonmine_hd_ui_v4,332,78,RGBA,True,"0,0,332,78"
05_dragonmine_hd_ui_v4/dragonmine_hd_ui_single_elements_v4/02_headers/example_information_header.png,05_dragonmine_hd_ui_v4,420,88,RGBA,True,"0,0,420,88"
05_dragonmine_hd_ui_v4/dragonmine_hd_ui_single_elements_v4/02_headers/example_statistics_header.png,05_dragonmine_hd_ui_v4,420,88,RGBA,True,"0,0,420,88"
05_dragonmine_hd_ui_v4/dragonmine_hd_ui_single_elements_v4/02_headers/example_stats_subheader.png,05_dragonmine_hd_ui_v4,332,78,RGBA,True,"0,0,332,78"
05_dragonmine_hd_ui_v4/dragonmine_hd_ui_single_elements_v4/03_rows/clean_basic_info_row.png,05_dragonmine_hd_ui_v4,400,56,RGBA,True,"18,48,383,50"
05_dragonmine_hd_ui_v4/dragonmine_hd_ui_single_elements_v4/03_rows/clean_bottom_stats_box.png,05_dragonmine_hd_ui_v4,430,170,RGBA,True,"0,0,430,170"
05_dragonmine_hd_ui_v4/dragonmine_hd_ui_single_elements_v4/03_rows/clean_information_stat_row.png,05_dragonmine_hd_ui_v4,416,68,RGBA,True,"6,6,401,61"
05_dragonmine_hd_ui_v4/dragonmine_hd_ui_single_elements_v4/03_rows/clean_plus_button.png,05_dragonmine_hd_ui_v4,56,56,RGBA,True,"0,0,56,56"
05_dragonmine_hd_ui_v4/dragonmine_hd_ui_single_elements_v4/03_rows/clean_statistics_row.png,05_dragonmine_hd_ui_v4,396,56,RGBA,True,"12,48,385,50"
05_dragonmine_hd_ui_v4/dragonmine_hd_ui_single_elements_v4/03_rows/example_basic_info_row.png,05_dragonmine_hd_ui_v4,400,56,RGBA,True,"18,9,389,50"
05_dragonmine_hd_ui_v4/dragonmine_hd_ui_single_elements_v4/03_rows/example_bottom_stats_box.png,05_dragonmine_hd_ui_v4,430,170,RGBA,True,"0,0,430,170"
05_dragonmine_hd_ui_v4/dragonmine_hd_ui_single_elements_v4/03_rows/example_information_stat_row.png,05_dragonmine_hd_ui_v4,416,68,RGBA,True,"6,6,413,61"
05_dragonmine_hd_ui_v4/dragonmine_hd_ui_single_elements_v4/03_rows/example_plus_button.png,05_dragonmine_hd_ui_v4,56,56,RGBA,True,"4,4,53,53"
05_dragonmine_hd_ui_v4/dragonmine_hd_ui_single_elements_v4/03_rows/example_statistics_row.png,05_dragonmine_hd_ui_v4,396,56,RGBA,True,"10,10,392,50"
05_dragonmine_hd_ui_v4/dragonmine_hd_ui_single_elements_v4/04_buttons/clean_nav_button_character.png,05_dragonmine_hd_ui_v4,122,154,RGBA,True,"0,0,122,122"
05_dragonmine_hd_ui_v4/dragonmine_hd_ui_single_elements_v4/04_buttons/clean_nav_button_items.png,05_dragonmine_hd_ui_v4,122,154,RGBA,True,"0,0,122,122"
05_dragonmine_hd_ui_v4/dragonmine_hd_ui_single_elements_v4/04_buttons/clean_nav_button_party.png,05_dragonmine_hd_ui_v4,122,154,RGBA,True,"0,0,122,122"
05_dragonmine_hd_ui_v4/dragonmine_hd_ui_single_elements_v4/04_buttons/clean_nav_button_quests.png,05_dragonmine_hd_ui_v4,122,154,RGBA,True,"0,0,122,122"
05_dragonmine_hd_ui_v4/dragonmine_hd_ui_single_elements_v4/04_buttons/clean_nav_button_settings.png,05_dragonmine_hd_ui_v4,122,154,RGBA,True,"0,0,122,122"
05_dragonmine_hd_ui_v4/dragonmine_hd_ui_single_elements_v4/04_buttons/clean_nav_button_skills.png,05_dragonmine_hd_ui_v4,122,154,RGBA,True,"0,0,122,122"
05_dragonmine_hd_ui_v4/dragonmine_hd_ui_single_elements_v4/04_buttons/example_nav_button_character.png,05_dragonmine_hd_ui_v4,122,154,RGBA,True,"0,0,122,154"
05_dragonmine_hd_ui_v4/dragonmine_hd_ui_single_elements_v4/04_buttons/example_nav_button_items.png,05_dragonmine_hd_ui_v4,122,154,RGBA,True,"0,0,122,154"
05_dragonmine_hd_ui_v4/dragonmine_hd_ui_single_elements_v4/04_buttons/example_nav_button_party.png,05_dragonmine_hd_ui_v4,122,154,RGBA,True,"0,0,122,153"
05_dragonmine_hd_ui_v4/dragonmine_hd_ui_single_elements_v4/04_buttons/example_nav_button_quests.png,05_dragonmine_hd_ui_v4,122,154,RGBA,True,"0,0,122,154"
05_dragonmine_hd_ui_v4/dragonmine_hd_ui_single_elements_v4/04_buttons/example_nav_button_settings.png,05_dragonmine_hd_ui_v4,122,154,RGBA,True,"0,0,122,154"
05_dragonmine_hd_ui_v4/dragonmine_hd_ui_single_elements_v4/04_buttons/example_nav_button_skills.png,05_dragonmine_hd_ui_v4,122,154,RGBA,True,"0,0,122,154"
05_dragonmine_hd_ui_v4/dragonmine_hd_ui_single_elements_v4/05_icons/clean_icon_character.png,05_dragonmine_hd_ui_v4,56,56,RGBA,True,
05_dragonmine_hd_ui_v4/dragonmine_hd_ui_single_elements_v4/05_icons/clean_icon_items.png,05_dragonmine_hd_ui_v4,56,56,RGBA,True,
05_dragonmine_hd_ui_v4/dragonmine_hd_ui_single_elements_v4/05_icons/clean_icon_party.png,05_dragonmine_hd_ui_v4,56,56,RGBA,True,
05_dragonmine_hd_ui_v4/dragonmine_hd_ui_single_elements_v4/05_icons/clean_icon_quests.png,05_dragonmine_hd_ui_v4,56,56,RGBA,True,
05_dragonmine_hd_ui_v4/dragonmine_hd_ui_single_elements_v4/05_icons/clean_icon_settings.png,05_dragonmine_hd_ui_v4,56,56,RGBA,True,
05_dragonmine_hd_ui_v4/dragonmine_hd_ui_single_elements_v4/05_icons/clean_icon_skills.png,05_dragonmine_hd_ui_v4,56,56,RGBA,True,
05_dragonmine_hd_ui_v4/dragonmine_hd_ui_single_elements_v4/05_icons/clean_info_kanji_circle.png,05_dragonmine_hd_ui_v4,96,96,RGBA,True,"0,0,96,96"
05_dragonmine_hd_ui_v4/dragonmine_hd_ui_single_elements_v4/05_icons/clean_stats_bars_icon.png,05_dragonmine_hd_ui_v4,96,96,RGBA,True,"0,0,96,96"
05_dragonmine_hd_ui_v4/dragonmine_hd_ui_single_elements_v4/05_icons/clean_top_orb_blue.png,05_dragonmine_hd_ui_v4,54,54,RGBA,True,"0,0,54,54"
05_dragonmine_hd_ui_v4/dragonmine_hd_ui_single_elements_v4/05_icons/clean_top_orb_red.png,05_dragonmine_hd_ui_v4,54,54,RGBA,True,"0,0,54,54"
05_dragonmine_hd_ui_v4/dragonmine_hd_ui_single_elements_v4/05_icons/clean_top_orb_yellow.png,05_dragonmine_hd_ui_v4,54,54,RGBA,True,"0,0,54,54"
05_dragonmine_hd_ui_v4/dragonmine_hd_ui_single_elements_v4/05_icons/example_icon_character.png,05_dragonmine_hd_ui_v4,56,56,RGBA,True,"10,6,47,47"
05_dragonmine_hd_ui_v4/dragonmine_hd_ui_single_elements_v4/05_icons/example_icon_items.png,05_dragonmine_hd_ui_v4,56,56,RGBA,True,"8,6,49,49"
05_dragonmine_hd_ui_v4/dragonmine_hd_ui_single_elements_v4/05_icons/example_icon_party.png,05_dragonmine_hd_ui_v4,56,56,RGBA,True,"3,4,54,51"
05_dragonmine_hd_ui_v4/dragonmine_hd_ui_single_elements_v4/05_icons/example_icon_quests.png,05_dragonmine_hd_ui_v4,56,56,RGBA,True,"13,5,43,44"
05_dragonmine_hd_ui_v4/dragonmine_hd_ui_single_elements_v4/05_icons/example_icon_settings.png,05_dragonmine_hd_ui_v4,56,56,RGBA,True,"4,4,52,52"
05_dragonmine_hd_ui_v4/dragonmine_hd_ui_single_elements_v4/05_icons/example_icon_skills.png,05_dragonmine_hd_ui_v4,56,56,RGBA,True,"7,7,50,50"
05_dragonmine_hd_ui_v4/dragonmine_hd_ui_single_elements_v4/05_icons/example_info_kanji_circle.png,05_dragonmine_hd_ui_v4,96,96,RGBA,True,"0,0,96,96"
05_dragonmine_hd_ui_v4/dragonmine_hd_ui_single_elements_v4/05_icons/example_stats_bars_icon.png,05_dragonmine_hd_ui_v4,96,96,RGBA,True,"0,0,96,96"
05_dragonmine_hd_ui_v4/dragonmine_hd_ui_single_elements_v4/05_icons/example_top_orb_blue.png,05_dragonmine_hd_ui_v4,54,54,RGBA,True,"6,6,49,49"
05_dragonmine_hd_ui_v4/dragonmine_hd_ui_single_elements_v4/05_icons/example_top_orb_red.png,05_dragonmine_hd_ui_v4,54,54,RGBA,True,"6,6,49,49"
05_dragonmine_hd_ui_v4/dragonmine_hd_ui_single_elements_v4/05_icons/example_top_orb_yellow.png,05_dragonmine_hd_ui_v4,54,54,RGBA,True,"6,6,49,49"
05_dragonmine_hd_ui_v4/dragonmine_hd_ui_single_elements_v4/06_overlays/clean_blue_orange_divider.png,05_dragonmine_hd_ui_v4,440,40,RGBA,True,"12,19,429,22"
05_dragonmine_hd_ui_v4/dragonmine_hd_ui_single_elements_v4/06_overlays/clean_scan_ring_overlay.png,05_dragonmine_hd_ui_v4,620,620,RGBA,True,"72,60,549,561"
05_dragonmine_hd_ui_v4/dragonmine_hd_ui_single_elements_v4/06_overlays/clean_vertical_orange_accent.png,05_dragonmine_hd_ui_v4,30,170,RGBA,True,"13,10,17,161"
05_dragonmine_hd_ui_v4/dragonmine_hd_ui_single_elements_v4/docs/CONTACT_SHEET.jpg,05_dragonmine_hd_ui_v4,880,2550,RGB,False,
06_all_chat_clean_collection/all_chat_clean_ui_elements_bundle/01_xenoverse_party_hud_clean/buttons/blank_button_style_01.png,06_all_chat_clean_collection,1536,1024,RGBA,True,"18,32,1517,982"
06_all_chat_clean_collection/all_chat_clean_ui_elements_bundle/01_xenoverse_party_hud_clean/buttons/blank_button_style_02.png,06_all_chat_clean_collection,1536,1024,RGBA,True,"0,35,1536,982"
06_all_chat_clean_collection/all_chat_clean_ui_elements_bundle/01_xenoverse_party_hud_clean/buttons/blank_button_style_03.png,06_all_chat_clean_collection,1536,1024,RGBA,True,"9,35,1536,952"
06_all_chat_clean_collection/all_chat_clean_ui_elements_bundle/01_xenoverse_party_hud_clean/core_elements/03_player1_nameplate_frame.png,06_all_chat_clean_collection,745,140,RGBA,True,"0,0,742,140"
06_all_chat_clean_collection/all_chat_clean_ui_elements_bundle/01_xenoverse_party_hud_clean/core_elements/04_player2_nameplate_frame.png,06_all_chat_clean_collection,745,140,RGBA,True,"0,0,745,140"
06_all_chat_clean_collection/all_chat_clean_ui_elements_bundle/01_xenoverse_party_hud_clean/core_elements/08_hp_fill_bar.png,06_all_chat_clean_collection,501,75,RGBA,True,"6,0,495,75"
06_all_chat_clean_collection/all_chat_clean_ui_elements_bundle/01_xenoverse_party_hud_clean/core_elements/09_ki_segment_bar.png,06_all_chat_clean_collection,487,75,RGBA,True,"6,0,487,75"
06_all_chat_clean_collection/all_chat_clean_ui_elements_bundle/01_xenoverse_party_hud_clean/core_elements/10_stm_segment_bar.png,06_all_chat_clean_collection,465,75,RGBA,True,"6,0,459,75"
06_all_chat_clean_collection/all_chat_clean_ui_elements_bundle/01_xenoverse_party_hud_clean/core_elements/16_ability_icon_purple.png,06_all_chat_clean_collection,135,155,RGBA,True,"0,0,135,155"
06_all_chat_clean_collection/all_chat_clean_ui_elements_bundle/01_xenoverse_party_hud_clean/core_elements/17_ability_icon_blue.png,06_all_chat_clean_collection,140,153,RGBA,True,"0,6,140,153"
06_all_chat_clean_collection/all_chat_clean_ui_elements_bundle/01_xenoverse_party_hud_clean/core_elements/18_ability_icon_green.png,06_all_chat_clean_collection,140,150,RGBA,True,"0,6,140,150"
06_all_chat_clean_collection/all_chat_clean_ui_elements_bundle/01_xenoverse_party_hud_clean/core_elements/19_ability_icon_orange.png,06_all_chat_clean_collection,145,155,RGBA,True,"0,3,143,154"
06_all_chat_clean_collection/all_chat_clean_ui_elements_bundle/01_xenoverse_party_hud_clean/core_elements/20_portrait_ring_p1.png,06_all_chat_clean_collection,250,235,RGBA,True,"0,0,250,235"
06_all_chat_clean_collection/all_chat_clean_ui_elements_bundle/01_xenoverse_party_hud_clean/core_elements/21_portrait_ring_p2.png,06_all_chat_clean_collection,250,235,RGBA,True,"0,0,250,235"
06_all_chat_clean_collection/all_chat_clean_ui_elements_bundle/01_xenoverse_party_hud_clean/core_elements/22_energy_orb_orange.png,06_all_chat_clean_collection,240,225,RGBA,True,"0,0,240,225"
06_all_chat_clean_collection/all_chat_clean_ui_elements_bundle/01_xenoverse_party_hud_clean/core_elements/23_energy_orb_blue.png,06_all_chat_clean_collection,246,240,RGBA,True,"0,0,246,240"
06_all_chat_clean_collection/all_chat_clean_ui_elements_bundle/01_xenoverse_party_hud_clean/core_elements/24_corner_bracket_orange.png,06_all_chat_clean_collection,230,180,RGBA,True,"0,0,230,178"
06_all_chat_clean_collection/all_chat_clean_ui_elements_bundle/01_xenoverse_party_hud_clean/core_elements/25_corner_bracket_blue.png,06_all_chat_clean_collection,190,175,RGBA,True,"0,0,190,175"
06_all_chat_clean_collection/all_chat_clean_ui_elements_bundle/01_xenoverse_party_hud_clean/core_elements/26_corner_chevron_orange.png,06_all_chat_clean_collection,190,143,RGBA,True,"0,0,190,137"
06_all_chat_clean_collection/all_chat_clean_ui_elements_bundle/01_xenoverse_party_hud_clean/core_elements/27_empty_plate_blue.png,06_all_chat_clean_collection,350,95,RGBA,True,"0,0,350,95"
06_all_chat_clean_collection/all_chat_clean_ui_elements_bundle/01_xenoverse_party_hud_clean/core_elements/28_empty_plate_orange.png,06_all_chat_clean_collection,355,100,RGBA,True,"0,0,355,100"
06_all_chat_clean_collection/all_chat_clean_ui_elements_bundle/01_xenoverse_party_hud_clean/core_elements/29_empty_plate_center.png,06_all_chat_clean_collection,310,120,RGBA,True,"0,0,310,120"
06_all_chat_clean_collection/all_chat_clean_ui_elements_bundle/01_xenoverse_party_hud_clean/core_elements/30_p1_badge.png,06_all_chat_clean_collection,190,170,RGBA,True,"0,0,190,170"
06_all_chat_clean_collection/all_chat_clean_ui_elements_bundle/01_xenoverse_party_hud_clean/core_elements/31_p2_badge.png,06_all_chat_clean_collection,190,165,RGBA,True,"0,0,190,165"
06_all_chat_clean_collection/all_chat_clean_ui_elements_bundle/01_xenoverse_party_hud_clean/core_elements/32_arrow_orange.png,06_all_chat_clean_collection,115,140,RGBA,True,"0,0,115,139"
06_all_chat_clean_collection/all_chat_clean_ui_elements_bundle/01_xenoverse_party_hud_clean/core_elements/33_arrow_blue.png,06_all_chat_clean_collection,110,120,RGBA,True,"0,0,110,120"
06_all_chat_clean_collection/all_chat_clean_ui_elements_bundle/01_xenoverse_party_hud_clean/core_elements/34_energy_streak_orange.png,06_all_chat_clean_collection,85,139,RGBA,True,"0,0,85,139"
06_all_chat_clean_collection/all_chat_clean_ui_elements_bundle/01_xenoverse_party_hud_clean/core_elements/35_energy_streak_blue.png,06_all_chat_clean_collection,76,214,RGBA,True,"0,0,70,214"
06_all_chat_clean_collection/all_chat_clean_ui_elements_bundle/01_xenoverse_party_hud_clean/menus/blank_ki_menu_style_01.png,06_all_chat_clean_collection,1536,1024,RGBA,True,"0,16,1518,994"
06_all_chat_clean_collection/all_chat_clean_ui_elements_bundle/01_xenoverse_party_hud_clean/menus/blank_ki_menu_style_02.png,06_all_chat_clean_collection,1536,1024,RGBA,True,"26,46,1516,1004"
06_all_chat_clean_collection/all_chat_clean_ui_elements_bundle/01_xenoverse_party_hud_clean/menus/menu_panel_no_slot_highlight.png,06_all_chat_clean_collection,1536,1024,RGBA,True,"19,13,1522,993"
06_all_chat_clean_collection/all_chat_clean_ui_elements_bundle/01_xenoverse_party_hud_clean/overlays/separate_slot_highlight_overlay.png,06_all_chat_clean_collection,1448,1086,RGB,False,
06_all_chat_clean_collection/all_chat_clean_ui_elements_bundle/02_dragonmine_status_clean/01_panels/clean_information_panel.png,06_all_chat_clean_collection,1024,1531,RGBA,True,"0,12,1012,1531"
06_all_chat_clean_collection/all_chat_clean_ui_elements_bundle/02_dragonmine_status_clean/01_panels/clean_statistics_panel.png,06_all_chat_clean_collection,1024,1498,RGBA,True,"0,0,1012,1486"
06_all_chat_clean_collection/all_chat_clean_ui_elements_bundle/02_dragonmine_status_clean/02_headers/clean_information_header.png,06_all_chat_clean_collection,960,285,RGBA,True,"0,5,960,285"
06_all_chat_clean_collection/all_chat_clean_ui_elements_bundle/02_dragonmine_status_clean/02_headers/clean_information_stats_header.png,06_all_chat_clean_collection,810,135,RGBA,True,"0,0,810,135"
06_all_chat_clean_collection/all_chat_clean_ui_elements_bundle/02_dragonmine_status_clean/02_headers/clean_statistics_header.png,06_all_chat_clean_collection,870,230,RGBA,True,"0,0,870,230"
06_all_chat_clean_collection/all_chat_clean_ui_elements_bundle/02_dragonmine_status_clean/03_information_basic_rows/clean_class_row.png,06_all_chat_clean_collection,900,110,RGBA,True,"0,0,900,110"
06_all_chat_clean_collection/all_chat_clean_ui_elements_bundle/02_dragonmine_status_clean/03_information_basic_rows/clean_form_row.png,06_all_chat_clean_collection,900,110,RGBA,True,"0,0,900,110"
06_all_chat_clean_collection/all_chat_clean_ui_elements_bundle/02_dragonmine_status_clean/03_information_basic_rows/clean_level_row.png,06_all_chat_clean_collection,900,110,RGBA,True,"0,0,900,110"
06_all_chat_clean_collection/all_chat_clean_ui_elements_bundle/02_dragonmine_status_clean/03_information_basic_rows/clean_tps_row.png,06_all_chat_clean_collection,900,110,RGBA,True,"0,0,900,110"
06_all_chat_clean_collection/all_chat_clean_ui_elements_bundle/02_dragonmine_status_clean/04_information_stat_rows/clean_ene_row.png,06_all_chat_clean_collection,1040,126,RGBA,True,"0,0,1040,126"
06_all_chat_clean_collection/all_chat_clean_ui_elements_bundle/02_dragonmine_status_clean/04_information_stat_rows/clean_information_stat_row_generic.png,06_all_chat_clean_collection,1040,126,RGBA,True,"0,0,1040,126"
06_all_chat_clean_collection/all_chat_clean_ui_elements_bundle/02_dragonmine_status_clean/04_information_stat_rows/clean_pur_row.png,06_all_chat_clean_collection,1040,126,RGBA,True,"0,0,1040,126"
06_all_chat_clean_collection/all_chat_clean_ui_elements_bundle/02_dragonmine_status_clean/04_information_stat_rows/clean_res_row.png,06_all_chat_clean_collection,1040,126,RGBA,True,"0,0,1040,126"
06_all_chat_clean_collection/all_chat_clean_ui_elements_bundle/02_dragonmine_status_clean/04_information_stat_rows/clean_skp_row.png,06_all_chat_clean_collection,1040,126,RGBA,True,"0,0,1040,126"
06_all_chat_clean_collection/all_chat_clean_ui_elements_bundle/02_dragonmine_status_clean/04_information_stat_rows/clean_str_row.png,06_all_chat_clean_collection,1040,126,RGBA,True,"0,0,1040,126"
06_all_chat_clean_collection/all_chat_clean_ui_elements_bundle/02_dragonmine_status_clean/04_information_stat_rows/clean_tpc_row.png,06_all_chat_clean_collection,1040,126,RGBA,True,"0,0,1040,126"
06_all_chat_clean_collection/all_chat_clean_ui_elements_bundle/02_dragonmine_status_clean/04_information_stat_rows/clean_vit_row.png,06_all_chat_clean_collection,1040,126,RGBA,True,"0,0,1040,126"
06_all_chat_clean_collection/all_chat_clean_ui_elements_bundle/02_dragonmine_status_clean/05_statistics_rows/clean_defense_row.png,06_all_chat_clean_collection,1040,126,RGBA,True,"0,0,1040,126"
06_all_chat_clean_collection/all_chat_clean_ui_elements_bundle/02_dragonmine_status_clean/05_statistics_rows/clean_gravity_row.png,06_all_chat_clean_collection,1040,126,RGBA,True,"0,0,1040,126"
06_all_chat_clean_collection/all_chat_clean_ui_elements_bundle/02_dragonmine_status_clean/05_statistics_rows/clean_health_row.png,06_all_chat_clean_collection,1040,126,RGBA,True,"0,0,1040,126"
06_all_chat_clean_collection/all_chat_clean_ui_elements_bundle/02_dragonmine_status_clean/05_statistics_rows/clean_ki_dmg_row.png,06_all_chat_clean_collection,1040,126,RGBA,True,"0,0,1040,126"
06_all_chat_clean_collection/all_chat_clean_ui_elements_bundle/02_dragonmine_status_clean/05_statistics_rows/clean_max_ki_row.png,06_all_chat_clean_collection,1040,126,RGBA,True,"0,0,1040,126"
06_all_chat_clean_collection/all_chat_clean_ui_elements_bundle/02_dragonmine_status_clean/05_statistics_rows/clean_melee_dmg_row.png,06_all_chat_clean_collection,1040,126,RGBA,True,"0,0,1040,126"
06_all_chat_clean_collection/all_chat_clean_ui_elements_bundle/02_dragonmine_status_clean/05_statistics_rows/clean_power_level_row.png,06_all_chat_clean_collection,1040,126,RGBA,True,"0,0,1040,126"
06_all_chat_clean_collection/all_chat_clean_ui_elements_bundle/02_dragonmine_status_clean/05_statistics_rows/clean_stamina_row.png,06_all_chat_clean_collection,1040,126,RGBA,True,"0,0,1040,126"
06_all_chat_clean_collection/all_chat_clean_ui_elements_bundle/02_dragonmine_status_clean/05_statistics_rows/clean_statistics_row_generic.png,06_all_chat_clean_collection,1040,126,RGBA,True,"0,0,1040,126"
06_all_chat_clean_collection/all_chat_clean_ui_elements_bundle/02_dragonmine_status_clean/05_statistics_rows/clean_strike_dmg_row.png,06_all_chat_clean_collection,1040,126,RGBA,True,"0,0,1040,126"
06_all_chat_clean_collection/all_chat_clean_ui_elements_bundle/02_dragonmine_status_clean/05_statistics_rows/clean_tp_multiplier_row.png,06_all_chat_clean_collection,1040,126,RGBA,True,"0,0,1040,126"
06_all_chat_clean_collection/all_chat_clean_ui_elements_bundle/02_dragonmine_status_clean/06_nameplate/clean_nameplate.png,06_all_chat_clean_collection,1536,1003,RGBA,True,"0,12,1525,991"
06_all_chat_clean_collection/all_chat_clean_ui_elements_bundle/02_dragonmine_status_clean/07_navigation_buttons/clean_character_button.png,06_all_chat_clean_collection,1239,1249,RGBA,True,"0,12,1227,1249"
06_all_chat_clean_collection/all_chat_clean_ui_elements_bundle/02_dragonmine_status_clean/07_navigation_buttons/clean_items_button.png,06_all_chat_clean_collection,1239,1249,RGBA,True,"0,12,1227,1249"
06_all_chat_clean_collection/all_chat_clean_ui_elements_bundle/02_dragonmine_status_clean/07_navigation_buttons/clean_navigation_button_base.png,06_all_chat_clean_collection,1239,1249,RGBA,True,"0,12,1227,1249"
06_all_chat_clean_collection/all_chat_clean_ui_elements_bundle/02_dragonmine_status_clean/07_navigation_buttons/clean_party_button.png,06_all_chat_clean_collection,1239,1249,RGBA,True,"0,12,1227,1249"
06_all_chat_clean_collection/all_chat_clean_ui_elements_bundle/02_dragonmine_status_clean/07_navigation_buttons/clean_quests_button.png,06_all_chat_clean_collection,1239,1249,RGBA,True,"0,12,1227,1249"
06_all_chat_clean_collection/all_chat_clean_ui_elements_bundle/02_dragonmine_status_clean/07_navigation_buttons/clean_settings_button.png,06_all_chat_clean_collection,1239,1249,RGBA,True,"0,12,1227,1249"
06_all_chat_clean_collection/all_chat_clean_ui_elements_bundle/02_dragonmine_status_clean/07_navigation_buttons/clean_skills_button.png,06_all_chat_clean_collection,1239,1249,RGBA,True,"0,12,1227,1249"
06_all_chat_clean_collection/all_chat_clean_ui_elements_bundle/02_dragonmine_status_clean/09_micro_elements/clean_multiplier_field.png,06_all_chat_clean_collection,260,110,RGBA,True,"8,14,253,97"
06_all_chat_clean_collection/all_chat_clean_ui_elements_bundle/02_dragonmine_status_clean/09_micro_elements/clean_plus_button.png,06_all_chat_clean_collection,128,128,RGBA,True,"0,0,128,128"
06_all_chat_clean_collection/all_chat_clean_ui_elements_bundle/02_dragonmine_status_clean/10_overlays/clean_blue_orange_divider.png,06_all_chat_clean_collection,700,80,RGBA,True,"41,18,660,63"
06_all_chat_clean_collection/all_chat_clean_ui_elements_bundle/02_dragonmine_status_clean/10_overlays/clean_character_scan_ring.png,06_all_chat_clean_collection,640,640,RGBA,True,"73,69,571,572"
06_all_chat_clean_collection/all_chat_clean_ui_elements_bundle/03_other_menus_clean/minigames/00_full_screens/clean_full_screen.png,06_all_chat_clean_collection,703,492,RGBA,True,"0,0,703,492"
06_all_chat_clean_collection/all_chat_clean_ui_elements_bundle/03_other_menus_clean/minigames/01_panels/body_text_panel_clean.png,06_all_chat_clean_collection,215,88,RGBA,True,"0,0,215,88"
06_all_chat_clean_collection/all_chat_clean_ui_elements_bundle/03_other_menus_clean/minigames/01_panels/clean_detail_panel.png,06_all_chat_clean_collection,297,296,RGBA,True,"0,0,297,296"
06_all_chat_clean_collection/all_chat_clean_ui_elements_bundle/03_other_menus_clean/minigames/01_panels/clean_list_panel.png,06_all_chat_clean_collection,197,302,RGBA,True,"0,0,197,302"
06_all_chat_clean_collection/all_chat_clean_ui_elements_bundle/03_other_menus_clean/minigames/02_rows_buttons/arrow_up_down.png,06_all_chat_clean_collection,50,114,RGBA,True,"0,0,50,114"
06_all_chat_clean_collection/all_chat_clean_ui_elements_bundle/03_other_menus_clean/minigames/02_rows_buttons/normal_row_clean.png,06_all_chat_clean_collection,291,61,RGBA,True,"0,0,291,61"
06_all_chat_clean_collection/all_chat_clean_ui_elements_bundle/03_other_menus_clean/minigames/02_rows_buttons/scrollbar.png,06_all_chat_clean_collection,53,127,RGBA,True,"0,0,53,127"
06_all_chat_clean_collection/all_chat_clean_ui_elements_bundle/03_other_menus_clean/minigames/02_rows_buttons/selected_row_clean.png,06_all_chat_clean_collection,293,67,RGBA,True,"0,0,293,67"
06_all_chat_clean_collection/all_chat_clean_ui_elements_bundle/03_other_menus_clean/minigames/02_rows_buttons/start_button_clean.png,06_all_chat_clean_collection,202,50,RGBA,True,"0,0,202,50"
06_all_chat_clean_collection/all_chat_clean_ui_elements_bundle/03_other_menus_clean/minigames/03_headers_accents/icon_controller.png,06_all_chat_clean_collection,36,47,RGBA,True,"0,0,36,47"
06_all_chat_clean_collection/all_chat_clean_ui_elements_bundle/03_other_menus_clean/minigames/03_headers_accents/icon_fist.png,06_all_chat_clean_collection,37,49,RGBA,True,"0,0,37,49"
06_all_chat_clean_collection/all_chat_clean_ui_elements_bundle/03_other_menus_clean/minigames/03_headers_accents/icon_gravity.png,06_all_chat_clean_collection,52,48,RGBA,True,"0,0,52,48"
06_all_chat_clean_collection/all_chat_clean_ui_elements_bundle/03_other_menus_clean/minigames/03_headers_accents/icon_music.png,06_all_chat_clean_collection,52,47,RGBA,True,"0,0,52,47"
06_all_chat_clean_collection/all_chat_clean_ui_elements_bundle/03_other_menus_clean/minigames/03_headers_accents/icon_shadow.png,06_all_chat_clean_collection,37,48,RGBA,True,"0,0,37,48"
06_all_chat_clean_collection/all_chat_clean_ui_elements_bundle/03_other_menus_clean/minigames/03_headers_accents/icon_target.png,06_all_chat_clean_collection,52,47,RGBA,True,"0,0,52,47"
06_all_chat_clean_collection/all_chat_clean_ui_elements_bundle/03_other_menus_clean/minigames/03_headers_accents/title_bar_clean.png,06_all_chat_clean_collection,204,91,RGBA,True,"0,0,204,91"
06_all_chat_clean_collection/all_chat_clean_ui_elements_bundle/03_other_menus_clean/options/00_full_screens/clean_full_screen.png,06_all_chat_clean_collection,690,480,RGBA,True,"0,0,690,480"
06_all_chat_clean_collection/all_chat_clean_ui_elements_bundle/03_other_menus_clean/options/01_panels/options_panel_clean.png,06_all_chat_clean_collection,228,296,RGBA,True,"0,0,228,296"
06_all_chat_clean_collection/all_chat_clean_ui_elements_bundle/03_other_menus_clean/options/01_panels/values_panel_clean.png,06_all_chat_clean_collection,216,296,RGBA,True,"0,0,216,296"
06_all_chat_clean_collection/all_chat_clean_ui_elements_bundle/03_other_menus_clean/options/02_rows_buttons/option_row_clean.png,06_all_chat_clean_collection,234,51,RGBA,True,"0,0,234,51"
06_all_chat_clean_collection/all_chat_clean_ui_elements_bundle/03_other_menus_clean/options/02_rows_buttons/scroll_bar.png,06_all_chat_clean_collection,118,121,RGBA,True,"0,0,118,121"
06_all_chat_clean_collection/all_chat_clean_ui_elements_bundle/03_other_menus_clean/options/02_rows_buttons/toggle_off.png,06_all_chat_clean_collection,83,67,RGBA,True,"0,0,83,67"
06_all_chat_clean_collection/all_chat_clean_ui_elements_bundle/03_other_menus_clean/options/02_rows_buttons/toggle_off_clean.png,06_all_chat_clean_collection,93,60,RGBA,True,"0,0,93,60"
06_all_chat_clean_collection/all_chat_clean_ui_elements_bundle/03_other_menus_clean/options/02_rows_buttons/toggle_on.png,06_all_chat_clean_collection,81,68,RGBA,True,"0,0,81,68"
06_all_chat_clean_collection/all_chat_clean_ui_elements_bundle/03_other_menus_clean/options/02_rows_buttons/toggle_on_clean.png,06_all_chat_clean_collection,94,61,RGBA,True,"0,0,94,61"
06_all_chat_clean_collection/all_chat_clean_ui_elements_bundle/03_other_menus_clean/options/02_rows_buttons/value_row_clean.png,06_all_chat_clean_collection,191,49,RGBA,True,"0,0,191,49"
06_all_chat_clean_collection/all_chat_clean_ui_elements_bundle/03_other_menus_clean/options/03_headers_accents/background_honeycomb.png,06_all_chat_clean_collection,77,122,RGBA,True,"0,0,77,122"
06_all_chat_clean_collection/all_chat_clean_ui_elements_bundle/03_other_menus_clean/options/03_headers_accents/background_ring.png,06_all_chat_clean_collection,117,122,RGBA,True,"0,0,117,122"
06_all_chat_clean_collection/all_chat_clean_ui_elements_bundle/03_other_menus_clean/options/03_headers_accents/corner_pieces.png,06_all_chat_clean_collection,131,124,RGBA,True,"0,0,131,124"
06_all_chat_clean_collection/all_chat_clean_ui_elements_bundle/03_other_menus_clean/options/03_headers_accents/dividers_accents.png,06_all_chat_clean_collection,525,123,RGBA,True,"0,0,525,123"
06_all_chat_clean_collection/all_chat_clean_ui_elements_bundle/03_other_menus_clean/options/03_headers_accents/header_bar_clean.png,06_all_chat_clean_collection,221,87,RGBA,True,"0,0,221,87"
06_all_chat_clean_collection/all_chat_clean_ui_elements_bundle/03_other_menus_clean/options/03_headers_accents/icon_kanji.png,06_all_chat_clean_collection,114,123,RGBA,True,"0,0,114,123"
06_all_chat_clean_collection/all_chat_clean_ui_elements_bundle/03_other_menus_clean/options/03_headers_accents/icon_stripes.png,06_all_chat_clean_collection,65,69,RGBA,True,"0,0,65,69"
06_all_chat_clean_collection/all_chat_clean_ui_elements_bundle/03_other_menus_clean/quest_tree/00_full_screens/clean_full_screen.png,06_all_chat_clean_collection,697,500,RGBA,True,"0,0,697,500"
06_all_chat_clean_collection/all_chat_clean_ui_elements_bundle/03_other_menus_clean/quest_tree/01_panels/clean_left_quest_panel.png,06_all_chat_clean_collection,205,422,RGBA,True,"0,0,205,422"
06_all_chat_clean_collection/all_chat_clean_ui_elements_bundle/03_other_menus_clean/quest_tree/01_panels/clean_map_panel.png,06_all_chat_clean_collection,325,276,RGBA,True,"0,0,325,276"
06_all_chat_clean_collection/all_chat_clean_ui_elements_bundle/03_other_menus_clean/quest_tree/02_rows_buttons/node_active.png,06_all_chat_clean_collection,94,124,RGBA,True,"0,0,94,124"
06_all_chat_clean_collection/all_chat_clean_ui_elements_bundle/03_other_menus_clean/quest_tree/02_rows_buttons/node_clean.png,06_all_chat_clean_collection,90,123,RGBA,True,"0,0,90,123"
06_all_chat_clean_collection/all_chat_clean_ui_elements_bundle/03_other_menus_clean/quest_tree/02_rows_buttons/node_locked.png,06_all_chat_clean_collection,86,122,RGBA,True,"0,0,86,122"
06_all_chat_clean_collection/all_chat_clean_ui_elements_bundle/03_other_menus_clean/quest_tree/02_rows_buttons/normal_row_clean.png,06_all_chat_clean_collection,169,50,RGBA,True,"0,0,169,50"
06_all_chat_clean_collection/all_chat_clean_ui_elements_bundle/03_other_menus_clean/quest_tree/02_rows_buttons/selected_row_clean.png,06_all_chat_clean_collection,171,67,RGBA,True,"0,0,171,67"
06_all_chat_clean_collection/all_chat_clean_ui_elements_bundle/03_other_menus_clean/quest_tree/03_headers_accents/chapter_title_bar_clean.png,06_all_chat_clean_collection,276,69,RGBA,True,"0,0,276,69"
06_all_chat_clean_collection/all_chat_clean_ui_elements_bundle/03_other_menus_clean/quest_tree/03_headers_accents/connector_line.png,06_all_chat_clean_collection,256,113,RGBA,True,"0,0,256,113"
06_all_chat_clean_collection/all_chat_clean_ui_elements_bundle/03_other_menus_clean/quest_tree/03_headers_accents/difficulty_label_clean.png,06_all_chat_clean_collection,146,50,RGBA,True,"0,0,146,50"
06_all_chat_clean_collection/all_chat_clean_ui_elements_bundle/03_other_menus_clean/quest_tree/03_headers_accents/progress_bar_clean.png,06_all_chat_clean_collection,186,48,RGBA,True,"0,0,186,48"
06_all_chat_clean_collection/all_chat_clean_ui_elements_bundle/03_other_menus_clean/server_menu/00_full_screens/clean_full_screen.png,06_all_chat_clean_collection,700,480,RGBA,True,"0,0,700,480"
06_all_chat_clean_collection/all_chat_clean_ui_elements_bundle/03_other_menus_clean/server_menu/01_panels/clean_left_panel.png,06_all_chat_clean_collection,203,419,RGBA,True,"0,0,203,419"
06_all_chat_clean_collection/all_chat_clean_ui_elements_bundle/03_other_menus_clean/server_menu/01_panels/clean_right_panel.png,06_all_chat_clean_collection,190,422,RGBA,True,"0,0,190,422"
06_all_chat_clean_collection/all_chat_clean_ui_elements_bundle/03_other_menus_clean/server_menu/02_rows_buttons/clean_list_row.png,06_all_chat_clean_collection,151,57,RGBA,True,"0,0,151,57"
06_all_chat_clean_collection/all_chat_clean_ui_elements_bundle/03_other_menus_clean/server_menu/02_rows_buttons/clean_stats_button.png,06_all_chat_clean_collection,188,74,RGBA,True,"0,0,188,74"
06_all_chat_clean_collection/all_chat_clean_ui_elements_bundle/03_other_menus_clean/server_menu/02_rows_buttons/left_arrow.png,06_all_chat_clean_collection,85,94,RGBA,True,"0,0,85,94"
06_all_chat_clean_collection/all_chat_clean_ui_elements_bundle/03_other_menus_clean/server_menu/02_rows_buttons/right_arrow.png,06_all_chat_clean_collection,82,94,RGBA,True,"0,0,82,94"
06_all_chat_clean_collection/all_chat_clean_ui_elements_bundle/03_other_menus_clean/server_menu/03_headers_accents/accent_corner_blue_frame.png,06_all_chat_clean_collection,153,111,RGBA,True,"0,0,153,111"
06_all_chat_clean_collection/all_chat_clean_ui_elements_bundle/03_other_menus_clean/server_menu/03_headers_accents/accent_corner_orange.png,06_all_chat_clean_collection,86,68,RGBA,True,"0,0,86,68"
06_all_chat_clean_collection/all_chat_clean_ui_elements_bundle/03_other_menus_clean/server_menu/03_headers_accents/accent_long_divider.png,06_all_chat_clean_collection,234,47,RGBA,True,"0,0,234,47"
06_all_chat_clean_collection/all_chat_clean_ui_elements_bundle/03_other_menus_clean/server_menu/03_headers_accents/clean_header_bar.png,06_all_chat_clean_collection,324,113,RGBA,True,"0,0,324,113"
06_all_chat_clean_collection/all_chat_clean_ui_elements_bundle/03_other_menus_clean/skills_information/00_full_screens/clean_full_screen.png,06_all_chat_clean_collection,701,492,RGBA,True,"0,0,701,492"
06_all_chat_clean_collection/all_chat_clean_ui_elements_bundle/03_other_menus_clean/skills_information/01_panels/clean_bottom_strip.png,06_all_chat_clean_collection,270,90,RGBA,True,"0,0,270,90"
06_all_chat_clean_collection/all_chat_clean_ui_elements_bundle/03_other_menus_clean/skills_information/01_panels/clean_detail_panel.png,06_all_chat_clean_collection,222,150,RGBA,True,"0,0,222,150"
06_all_chat_clean_collection/all_chat_clean_ui_elements_bundle/03_other_menus_clean/skills_information/01_panels/clean_left_panel.png,06_all_chat_clean_collection,240,292,RGBA,True,"0,0,240,292"
06_all_chat_clean_collection/all_chat_clean_ui_elements_bundle/03_other_menus_clean/skills_information/02_rows_buttons/clean_skill_row.png,06_all_chat_clean_collection,281,59,RGBA,True,"0,0,281,59"
06_all_chat_clean_collection/all_chat_clean_ui_elements_bundle/03_other_menus_clean/skills_information/02_rows_buttons/scroll_down.png,06_all_chat_clean_collection,77,83,RGBA,True,"0,0,77,83"
06_all_chat_clean_collection/all_chat_clean_ui_elements_bundle/03_other_menus_clean/skills_information/02_rows_buttons/scroll_up.png,06_all_chat_clean_collection,77,82,RGBA,True,"0,0,77,82"
06_all_chat_clean_collection/all_chat_clean_ui_elements_bundle/03_other_menus_clean/skills_information/02_rows_buttons/selected_skill_row.png,06_all_chat_clean_collection,287,61,RGBA,True,"0,0,287,61"
06_all_chat_clean_collection/all_chat_clean_ui_elements_bundle/03_other_menus_clean/skills_information/02_rows_buttons/tab_button_clean.png,06_all_chat_clean_collection,80,92,RGBA,True,"0,0,80,92"
06_all_chat_clean_collection/all_chat_clean_ui_elements_bundle/03_other_menus_clean/skills_information/02_rows_buttons/tab_button_selected.png,06_all_chat_clean_collection,87,97,RGBA,True,"0,0,87,97"
06_all_chat_clean_collection/all_chat_clean_ui_elements_bundle/03_other_menus_clean/skills_information/03_headers_accents/accent_blue_divider.png,06_all_chat_clean_collection,133,63,RGBA,True,"0,0,133,63"
06_all_chat_clean_collection/all_chat_clean_ui_elements_bundle/03_other_menus_clean/skills_information/03_headers_accents/accent_corner_frame.png,06_all_chat_clean_collection,97,136,RGBA,True,"0,0,97,136"
06_all_chat_clean_collection/all_chat_clean_ui_elements_bundle/03_other_menus_clean/skills_information/03_headers_accents/accent_honeycomb.png,06_all_chat_clean_collection,67,81,RGBA,True,"0,0,67,81"
06_all_chat_clean_collection/all_chat_clean_ui_elements_bundle/03_other_menus_clean/skills_information/03_headers_accents/accent_orange_divider.png,06_all_chat_clean_collection,142,44,RGBA,True,"0,0,142,44"
06_all_chat_clean_collection/all_chat_clean_ui_elements_bundle/03_other_menus_clean/skills_information/03_headers_accents/clean_top_information_panel.png,06_all_chat_clean_collection,282,106,RGBA,True,"0,0,282,106"
06_all_chat_clean_collection/all_chat_clean_ui_elements_bundle/04_legacy_clean_elements/01_information_panel.png,06_all_chat_clean_collection,1024,1536,RGBA,True,"0,0,1023,1504"
06_all_chat_clean_collection/all_chat_clean_ui_elements_bundle/04_legacy_clean_elements/02_top_nameplate.png,06_all_chat_clean_collection,1536,1024,RGBA,True,"8,21,1535,998"
06_all_chat_clean_collection/all_chat_clean_ui_elements_bundle/04_legacy_clean_elements/03_statistics_panel.png,06_all_chat_clean_collection,1024,1536,RGBA,True,"0,55,1008,1536"
06_all_chat_clean_collection/all_chat_clean_ui_elements_bundle/04_legacy_clean_elements/04_character_button.png,06_all_chat_clean_collection,1254,1254,RGBA,True,"0,33,1242,1238"
06_all_chat_clean_collection/all_chat_clean_ui_elements_bundle/04_legacy_clean_elements/05_skills_button.png,06_all_chat_clean_collection,1254,1254,RGBA,True,"0,21,1230,1214"
06_all_chat_clean_collection/all_chat_clean_ui_elements_bundle/04_legacy_clean_elements/06_quests_button.png,06_all_chat_clean_collection,1254,1254,RGBA,True,"0,21,1238,1221"
06_all_chat_clean_collection/all_chat_clean_ui_elements_bundle/04_legacy_clean_elements/07_items_button.png,06_all_chat_clean_collection,1254,1254,RGBA,True,"0,21,1170,1182"
06_all_chat_clean_collection/all_chat_clean_ui_elements_bundle/04_legacy_clean_elements/08_party_button.png,06_all_chat_clean_collection,1254,1254,RGBA,True,"0,21,1206,1214"
06_all_chat_clean_collection/all_chat_clean_ui_elements_bundle/04_legacy_clean_elements/09_settings_button.png,06_all_chat_clean_collection,1254,1254,RGBA,True,"0,50,1238,1238"
06_all_chat_clean_collection/all_chat_clean_ui_elements_bundle/04_legacy_clean_elements/10_top_right_orb_icons.png,06_all_chat_clean_collection,1536,1024,RGBA,True,"0,21,1504,1000"
07_latest_generated_full_sheets/cyber_neon_quest_tree_ui_kit.png,07_latest_generated_full_sheets,1448,1086,RGBA,True,"0,0,1448,1086"
07_latest_generated_full_sheets/neon_minigames_saga_hud_asset_sheet.png,07_latest_generated_full_sheets,1448,1086,RGBA,True,"0,12,1436,1086"
07_latest_generated_full_sheets/neon_sci_fi_hud_asset_sheet.png,07_latest_generated_full_sheets,1448,1086,RGBA,True,"0,13,1429,1072"
07_latest_generated_full_sheets/neon_sci_fi_hud_ui_asset_sheet.png,07_latest_generated_full_sheets,1448,1086,RGBA,True,"0,0,1448,1062"
07_latest_generated_full_sheets/neon_sci_fi_options_ui_sprite_sheet.png,07_latest_generated_full_sheets,1448,1086,RGBA,True,"0,13,1436,1074"
07_latest_generated_full_sheets/neon_sci_fi_skills_ui_sprite_sheet.png,07_latest_generated_full_sheets,1448,1086,RGBA,True,"0,21,1436,1086"
08_latest_generated_auto_split/cyber_neon_quest_tree_ui_kit/element_001.png,08_latest_generated_auto_split,82,147,RGBA,True,"0,0,82,146"
08_latest_generated_auto_split/cyber_neon_quest_tree_ui_kit/element_002.png,08_latest_generated_auto_split,80,147,RGBA,True,"0,0,80,146"
08_latest_generated_auto_split/cyber_neon_quest_tree_ui_kit/element_003.png,08_latest_generated_auto_split,500,118,RGBA,True,"0,0,500,118"
08_latest_generated_auto_split/cyber_neon_quest_tree_ui_kit/element_004.png,08_latest_generated_auto_split,79,146,RGBA,True,"0,0,79,146"
08_latest_generated_auto_split/cyber_neon_quest_tree_ui_kit/element_005.png,08_latest_generated_auto_split,78,146,RGBA,True,"0,0,78,146"
08_latest_generated_auto_split/cyber_neon_quest_tree_ui_kit/element_006.png,08_latest_generated_auto_split,501,115,RGBA,True,"0,0,501,115"
08_latest_generated_auto_split/cyber_neon_quest_tree_ui_kit/element_007.png,08_latest_generated_auto_split,651,595,RGBA,True,"0,0,651,595"
08_latest_generated_auto_split/cyber_neon_quest_tree_ui_kit/element_008.png,08_latest_generated_auto_split,79,218,RGBA,True,"0,2,79,218"
08_latest_generated_auto_split/cyber_neon_quest_tree_ui_kit/element_009.png,08_latest_generated_auto_split,72,45,RGBA,True,"0,0,72,45"
08_latest_generated_auto_split/cyber_neon_quest_tree_ui_kit/element_010.png,08_latest_generated_auto_split,309,100,RGBA,True,"0,0,309,100"
08_latest_generated_auto_split/cyber_neon_quest_tree_ui_kit/element_011.png,08_latest_generated_auto_split,287,102,RGBA,True,"0,0,287,102"
08_latest_generated_auto_split/cyber_neon_quest_tree_ui_kit/element_012.png,08_latest_generated_auto_split,44,176,RGBA,True,"0,0,44,176"
08_latest_generated_auto_split/cyber_neon_quest_tree_ui_kit/element_013.png,08_latest_generated_auto_split,148,29,RGBA,True,"0,0,148,29"
08_latest_generated_auto_split/cyber_neon_quest_tree_ui_kit/element_014.png,08_latest_generated_auto_split,308,98,RGBA,True,"0,0,308,98"
08_latest_generated_auto_split/cyber_neon_quest_tree_ui_kit/element_015.png,08_latest_generated_auto_split,288,105,RGBA,True,"0,0,288,105"
08_latest_generated_auto_split/cyber_neon_quest_tree_ui_kit/element_016.png,08_latest_generated_auto_split,184,29,RGBA,True,"0,0,184,29"
08_latest_generated_auto_split/cyber_neon_quest_tree_ui_kit/element_017.png,08_latest_generated_auto_split,66,28,RGBA,True,"0,0,66,28"
08_latest_generated_auto_split/cyber_neon_quest_tree_ui_kit/element_018.png,08_latest_generated_auto_split,59,27,RGBA,True,"0,0,59,27"
08_latest_generated_auto_split/cyber_neon_quest_tree_ui_kit/element_019.png,08_latest_generated_auto_split,60,28,RGBA,True,"0,0,60,28"
08_latest_generated_auto_split/cyber_neon_quest_tree_ui_kit/element_020.png,08_latest_generated_auto_split,53,26,RGBA,True,"0,0,53,26"
08_latest_generated_auto_split/cyber_neon_quest_tree_ui_kit/element_021.png,08_latest_generated_auto_split,49,25,RGBA,True,"0,0,49,25"
08_latest_generated_auto_split/cyber_neon_quest_tree_ui_kit/element_022.png,08_latest_generated_auto_split,378,112,RGBA,True,"0,0,378,112"
08_latest_generated_auto_split/cyber_neon_quest_tree_ui_kit/element_023.png,08_latest_generated_auto_split,378,138,RGBA,True,"0,0,378,138"
08_latest_generated_auto_split/cyber_neon_quest_tree_ui_kit/element_024.png,08_latest_generated_auto_split,55,25,RGBA,True,"0,0,55,25"
08_latest_generated_auto_split/cyber_neon_quest_tree_ui_kit/element_025.png,08_latest_generated_auto_split,57,24,RGBA,True,"0,0,57,24"
08_latest_generated_auto_split/cyber_neon_quest_tree_ui_kit/element_026.png,08_latest_generated_auto_split,75,26,RGBA,True,"0,0,75,26"
08_latest_generated_auto_split/cyber_neon_quest_tree_ui_kit/element_027.png,08_latest_generated_auto_split,66,25,RGBA,True,"0,0,66,25"
08_latest_generated_auto_split/cyber_neon_quest_tree_ui_kit/element_028.png,08_latest_generated_auto_split,82,27,RGBA,True,"0,0,82,27"
08_latest_generated_auto_split/cyber_neon_quest_tree_ui_kit/element_029.png,08_latest_generated_auto_split,141,25,RGBA,True,"0,0,141,25"
08_latest_generated_auto_split/cyber_neon_quest_tree_ui_kit/element_030.png,08_latest_generated_auto_split,121,28,RGBA,True,"0,0,121,28"
08_latest_generated_auto_split/cyber_neon_quest_tree_ui_kit/element_031.png,08_latest_generated_auto_split,112,111,RGBA,True,"0,0,112,111"
08_latest_generated_auto_split/cyber_neon_quest_tree_ui_kit/element_032.png,08_latest_generated_auto_split,37,123,RGBA,True,"0,0,37,123"
08_latest_generated_auto_split/cyber_neon_quest_tree_ui_kit/element_033.png,08_latest_generated_auto_split,35,119,RGBA,True,"0,0,35,119"
08_latest_generated_auto_split/cyber_neon_quest_tree_ui_kit/element_034.png,08_latest_generated_auto_split,90,92,RGBA,True,"0,0,90,92"
08_latest_generated_auto_split/cyber_neon_quest_tree_ui_kit/element_035.png,08_latest_generated_auto_split,59,122,RGBA,True,"0,0,59,122"
08_latest_generated_auto_split/cyber_neon_quest_tree_ui_kit/element_036.png,08_latest_generated_auto_split,114,95,RGBA,True,"0,0,114,95"
08_latest_generated_auto_split/cyber_neon_quest_tree_ui_kit/element_037.png,08_latest_generated_auto_split,133,95,RGBA,True,"0,0,133,95"
08_latest_generated_auto_split/cyber_neon_quest_tree_ui_kit/element_038.png,08_latest_generated_auto_split,143,39,RGBA,True,"0,0,143,39"
08_latest_generated_auto_split/cyber_neon_quest_tree_ui_kit/element_039.png,08_latest_generated_auto_split,36,36,RGBA,True,"0,0,36,36"
08_latest_generated_auto_split/cyber_neon_quest_tree_ui_kit/element_040.png,08_latest_generated_auto_split,70,67,RGBA,True,"0,0,70,67"
08_latest_generated_auto_split/cyber_neon_quest_tree_ui_kit/element_041.png,08_latest_generated_auto_split,63,65,RGBA,True,"0,0,63,65"
08_latest_generated_auto_split/cyber_neon_quest_tree_ui_kit/element_042.png,08_latest_generated_auto_split,43,26,RGBA,True,"0,0,43,26"
08_latest_generated_auto_split/cyber_neon_quest_tree_ui_kit/element_043.png,08_latest_generated_auto_split,188,94,RGBA,True,"0,0,188,94"
08_latest_generated_auto_split/cyber_neon_quest_tree_ui_kit/element_044.png,08_latest_generated_auto_split,53,26,RGBA,True,"0,0,53,26"
08_latest_generated_auto_split/cyber_neon_quest_tree_ui_kit/element_045.png,08_latest_generated_auto_split,122,146,RGBA,True,"0,0,122,146"
08_latest_generated_auto_split/cyber_neon_quest_tree_ui_kit/element_046.png,08_latest_generated_auto_split,182,31,RGBA,True,"0,0,182,31"
08_latest_generated_auto_split/cyber_neon_quest_tree_ui_kit/element_047.png,08_latest_generated_auto_split,182,73,RGBA,True,"0,0,182,73"
08_latest_generated_auto_split/cyber_neon_quest_tree_ui_kit/element_048.png,08_latest_generated_auto_split,135,127,RGBA,True,"0,0,135,127"
08_latest_generated_auto_split/cyber_neon_quest_tree_ui_kit/element_049.png,08_latest_generated_auto_split,283,127,RGBA,True,"0,0,283,127"
08_latest_generated_auto_split/cyber_neon_quest_tree_ui_kit/element_050.png,08_latest_generated_auto_split,121,126,RGBA,True,"0,0,121,126"
08_latest_generated_auto_split/cyber_neon_quest_tree_ui_kit/element_051.png,08_latest_generated_auto_split,123,125,RGBA,True,"0,0,123,125"
08_latest_generated_auto_split/cyber_neon_quest_tree_ui_kit/element_052.png,08_latest_generated_auto_split,115,123,RGBA,True,"0,0,115,123"
08_latest_generated_auto_split/cyber_neon_quest_tree_ui_kit/element_053.png,08_latest_generated_auto_split,190,75,RGBA,True,"0,0,190,75"
08_latest_generated_auto_split/cyber_neon_quest_tree_ui_kit/element_054.png,08_latest_generated_auto_split,187,51,RGBA,True,"0,0,187,51"
08_latest_generated_auto_split/cyber_neon_quest_tree_ui_kit/element_055.png,08_latest_generated_auto_split,95,29,RGBA,True,"0,1,95,29"
08_latest_generated_auto_split/cyber_neon_quest_tree_ui_kit/element_056.png,08_latest_generated_auto_split,75,25,RGBA,True,"0,1,75,25"
08_latest_generated_auto_split/cyber_neon_quest_tree_ui_kit/element_057.png,08_latest_generated_auto_split,410,157,RGBA,True,"0,0,410,157"
08_latest_generated_auto_split/cyber_neon_quest_tree_ui_kit/element_058.png,08_latest_generated_auto_split,136,26,RGBA,True,"0,1,136,26"
08_latest_generated_auto_split/cyber_neon_quest_tree_ui_kit/element_059.png,08_latest_generated_auto_split,61,27,RGBA,True,"0,1,61,27"
08_latest_generated_auto_split/cyber_neon_quest_tree_ui_kit/element_060.png,08_latest_generated_auto_split,154,145,RGBA,True,"0,0,154,143"
08_latest_generated_auto_split/cyber_neon_quest_tree_ui_kit/element_061.png,08_latest_generated_auto_split,153,144,RGBA,True,"0,0,153,144"
08_latest_generated_auto_split/cyber_neon_quest_tree_ui_kit/element_062.png,08_latest_generated_auto_split,148,144,RGBA,True,"0,0,148,143"
08_latest_generated_auto_split/cyber_neon_quest_tree_ui_kit/element_063.png,08_latest_generated_auto_split,302,144,RGBA,True,"0,0,302,144"
08_latest_generated_auto_split/cyber_neon_quest_tree_ui_kit/element_064.png,08_latest_generated_auto_split,70,127,RGBA,True,"0,0,70,127"
08_latest_generated_auto_split/cyber_neon_quest_tree_ui_kit/element_065.png,08_latest_generated_auto_split,71,71,RGBA,True,"0,0,71,71"
08_latest_generated_auto_split/cyber_neon_quest_tree_ui_kit/element_066.png,08_latest_generated_auto_split,46,41,RGBA,True,"0,0,46,41"
08_latest_generated_auto_split/cyber_neon_quest_tree_ui_kit/element_067.png,08_latest_generated_auto_split,48,30,RGBA,True,"0,0,48,30"
08_latest_generated_auto_split/cyber_neon_quest_tree_ui_kit/element_068.png,08_latest_generated_auto_split,81,35,RGBA,True,"0,0,81,35"
08_latest_generated_auto_split/cyber_neon_quest_tree_ui_kit/element_069.png,08_latest_generated_auto_split,28,59,RGBA,True,"0,0,27,57"
08_latest_generated_auto_split/cyber_neon_quest_tree_ui_kit/element_070.png,08_latest_generated_auto_split,83,32,RGBA,True,"0,0,83,32"
08_latest_generated_auto_split/neon_minigames_saga_hud_asset_sheet/element_001.png,08_latest_generated_auto_split,346,525,RGBA,True,"0,0,346,525"
08_latest_generated_auto_split/neon_minigames_saga_hud_asset_sheet/element_002.png,08_latest_generated_auto_split,707,524,RGBA,True,"0,1,707,524"
08_latest_generated_auto_split/neon_minigames_saga_hud_asset_sheet/element_003.png,08_latest_generated_auto_split,358,463,RGBA,True,"0,0,358,463"
08_latest_generated_auto_split/neon_minigames_saga_hud_asset_sheet/element_004.png,08_latest_generated_auto_split,322,121,RGBA,True,"0,0,322,121"
08_latest_generated_auto_split/neon_minigames_saga_hud_asset_sheet/element_005.png,08_latest_generated_auto_split,325,126,RGBA,True,"0,0,325,126"
08_latest_generated_auto_split/neon_minigames_saga_hud_asset_sheet/element_006.png,08_latest_generated_auto_split,337,115,RGBA,True,"0,0,337,115"
08_latest_generated_auto_split/neon_minigames_saga_hud_asset_sheet/element_007.png,08_latest_generated_auto_split,331,115,RGBA,True,"0,0,331,115"
08_latest_generated_auto_split/neon_minigames_saga_hud_asset_sheet/element_008.png,08_latest_generated_auto_split,45,192,RGBA,True,"0,0,45,192"
08_latest_generated_auto_split/neon_minigames_saga_hud_asset_sheet/element_009.png,08_latest_generated_auto_split,35,187,RGBA,True,"0,0,35,187"
08_latest_generated_auto_split/neon_minigames_saga_hud_asset_sheet/element_010.png,08_latest_generated_auto_split,450,136,RGBA,True,"0,0,450,136"
08_latest_generated_auto_split/neon_minigames_saga_hud_asset_sheet/element_011.png,08_latest_generated_auto_split,353,133,RGBA,True,"0,0,353,133"
08_latest_generated_auto_split/neon_minigames_saga_hud_asset_sheet/element_012.png,08_latest_generated_auto_split,352,133,RGBA,True,"0,0,352,133"
08_latest_generated_auto_split/neon_minigames_saga_hud_asset_sheet/element_013.png,08_latest_generated_auto_split,384,91,RGBA,True,"0,0,384,91"
08_latest_generated_auto_split/neon_minigames_saga_hud_asset_sheet/element_014.png,08_latest_generated_auto_split,386,88,RGBA,True,"0,0,386,88"
08_latest_generated_auto_split/neon_minigames_saga_hud_asset_sheet/element_015.png,08_latest_generated_auto_split,81,150,RGBA,True,"0,0,81,150"
08_latest_generated_auto_split/neon_minigames_saga_hud_asset_sheet/element_016.png,08_latest_generated_auto_split,80,150,RGBA,True,"0,0,80,150"
08_latest_generated_auto_split/neon_minigames_saga_hud_asset_sheet/element_017.png,08_latest_generated_auto_split,82,149,RGBA,True,"0,0,82,149"
08_latest_generated_auto_split/neon_minigames_saga_hud_asset_sheet/element_018.png,08_latest_generated_auto_split,80,149,RGBA,True,"0,0,80,149"
08_latest_generated_auto_split/neon_minigames_saga_hud_asset_sheet/element_019.png,08_latest_generated_auto_split,529,155,RGBA,True,"0,0,529,155"
08_latest_generated_auto_split/neon_minigames_saga_hud_asset_sheet/element_020.png,08_latest_generated_auto_split,77,137,RGBA,True,"0,0,77,137"
08_latest_generated_auto_split/neon_minigames_saga_hud_asset_sheet/element_021.png,08_latest_generated_auto_split,150,137,RGBA,True,"0,0,150,137"
08_latest_generated_auto_split/neon_minigames_saga_hud_asset_sheet/element_022.png,08_latest_generated_auto_split,76,137,RGBA,True,"0,1,76,137"
08_latest_generated_auto_split/neon_minigames_saga_hud_asset_sheet/element_023.png,08_latest_generated_auto_split,76,137,RGBA,True,"0,1,76,137"
08_latest_generated_auto_split/neon_minigames_saga_hud_asset_sheet/element_024.png,08_latest_generated_auto_split,75,137,RGBA,True,"0,0,75,137"
08_latest_generated_auto_split/neon_minigames_saga_hud_asset_sheet/element_025.png,08_latest_generated_auto_split,244,51,RGBA,True,"0,0,244,51"
08_latest_generated_auto_split/neon_minigames_saga_hud_asset_sheet/element_026.png,08_latest_generated_auto_split,108,44,RGBA,True,"0,0,108,44"
08_latest_generated_auto_split/neon_minigames_saga_hud_asset_sheet/element_027.png,08_latest_generated_auto_split,51,46,RGBA,True,"0,0,51,46"
08_latest_generated_auto_split/neon_minigames_saga_hud_asset_sheet/element_028.png,08_latest_generated_auto_split,405,43,RGBA,True,"1,0,405,43"
08_latest_generated_auto_split/neon_minigames_saga_hud_asset_sheet/element_029.png,08_latest_generated_auto_split,51,43,RGBA,True,"0,0,51,42"
08_latest_generated_auto_split/neon_minigames_saga_hud_asset_sheet/element_030.png,08_latest_generated_auto_split,197,44,RGBA,True,"0,0,197,44"
08_latest_generated_auto_split/neon_minigames_saga_hud_asset_sheet/element_031.png,08_latest_generated_auto_split,51,42,RGBA,True,"0,0,51,42"
08_latest_generated_auto_split/neon_minigames_saga_hud_asset_sheet/element_032.png,08_latest_generated_auto_split,106,36,RGBA,True,"0,0,106,36"
08_latest_generated_auto_split/neon_minigames_saga_hud_asset_sheet/element_033.png,08_latest_generated_auto_split,85,38,RGBA,True,"0,0,85,38"
08_latest_generated_auto_split/neon_sci_fi_hud_asset_sheet/element_001.png,08_latest_generated_auto_split,321,523,RGBA,True,"0,0,321,523"
08_latest_generated_auto_split/neon_sci_fi_hud_asset_sheet/element_002.png,08_latest_generated_auto_split,561,690,RGBA,True,"0,0,561,690"
08_latest_generated_auto_split/neon_sci_fi_hud_asset_sheet/element_003.png,08_latest_generated_auto_split,732,509,RGBA,True,"0,0,732,509"
08_latest_generated_auto_split/neon_sci_fi_hud_asset_sheet/element_004.png,08_latest_generated_auto_split,528,329,RGBA,True,"0,0,528,329"
08_latest_generated_auto_split/neon_sci_fi_hud_asset_sheet/element_005.png,08_latest_generated_auto_split,70,130,RGBA,True,"0,2,70,130"
08_latest_generated_auto_split/neon_sci_fi_hud_asset_sheet/element_006.png,08_latest_generated_auto_split,70,130,RGBA,True,"0,1,70,130"
08_latest_generated_auto_split/neon_sci_fi_hud_asset_sheet/element_007.png,08_latest_generated_auto_split,70,130,RGBA,True,"0,1,70,130"
08_latest_generated_auto_split/neon_sci_fi_hud_asset_sheet/element_008.png,08_latest_generated_auto_split,70,130,RGBA,True,"0,1,70,130"
08_latest_generated_auto_split/neon_sci_fi_hud_asset_sheet/element_009.png,08_latest_generated_auto_split,277,179,RGBA,True,"0,0,277,179"
08_latest_generated_auto_split/neon_sci_fi_hud_asset_sheet/element_010.png,08_latest_generated_auto_split,253,77,RGBA,True,"0,0,253,77"
08_latest_generated_auto_split/neon_sci_fi_hud_asset_sheet/element_011.png,08_latest_generated_auto_split,92,47,RGBA,True,"0,0,92,47"
08_latest_generated_auto_split/neon_sci_fi_hud_asset_sheet/element_012.png,08_latest_generated_auto_split,66,45,RGBA,True,"0,0,66,45"
08_latest_generated_auto_split/neon_sci_fi_hud_asset_sheet/element_013.png,08_latest_generated_auto_split,206,204,RGBA,True,"0,0,206,204"
08_latest_generated_auto_split/neon_sci_fi_hud_asset_sheet/element_014.png,08_latest_generated_auto_split,43,82,RGBA,True,"0,0,42,82"
08_latest_generated_auto_split/neon_sci_fi_hud_asset_sheet/element_015.png,08_latest_generated_auto_split,41,86,RGBA,True,"0,0,41,86"
08_latest_generated_auto_split/neon_sci_fi_hud_asset_sheet/element_016.png,08_latest_generated_auto_split,158,156,RGBA,True,"0,0,158,156"
08_latest_generated_auto_split/neon_sci_fi_hud_asset_sheet/element_017.png,08_latest_generated_auto_split,252,51,RGBA,True,"0,0,252,51"
08_latest_generated_auto_split/neon_sci_fi_hud_asset_sheet/element_018.png,08_latest_generated_auto_split,257,51,RGBA,True,"2,0,257,51"
08_latest_generated_auto_split/neon_sci_fi_hud_asset_sheet/element_019.png,08_latest_generated_auto_split,272,51,RGBA,True,"0,0,272,51"
08_latest_generated_auto_split/neon_sci_fi_hud_asset_sheet/element_020.png,08_latest_generated_auto_split,252,54,RGBA,True,"0,0,252,54"
08_latest_generated_auto_split/neon_sci_fi_hud_asset_sheet/element_021.png,08_latest_generated_auto_split,257,53,RGBA,True,"0,0,257,53"
08_latest_generated_auto_split/neon_sci_fi_hud_asset_sheet/element_022.png,08_latest_generated_auto_split,35,67,RGBA,True,"0,0,35,67"
08_latest_generated_auto_split/neon_sci_fi_hud_asset_sheet/element_023.png,08_latest_generated_auto_split,42,71,RGBA,True,"0,0,42,71"
08_latest_generated_auto_split/neon_sci_fi_hud_asset_sheet/element_024.png,08_latest_generated_auto_split,546,141,RGBA,True,"0,0,546,141"
08_latest_generated_auto_split/neon_sci_fi_hud_asset_sheet/element_025.png,08_latest_generated_auto_split,88,89,RGBA,True,"0,0,88,89"
08_latest_generated_auto_split/neon_sci_fi_hud_asset_sheet/element_026.png,08_latest_generated_auto_split,88,88,RGBA,True,"0,0,88,88"
08_latest_generated_auto_split/neon_sci_fi_hud_asset_sheet/element_027.png,08_latest_generated_auto_split,59,56,RGBA,True,"0,2,59,56"
08_latest_generated_auto_split/neon_sci_fi_hud_asset_sheet/element_028.png,08_latest_generated_auto_split,60,107,RGBA,True,"0,0,60,106"
08_latest_generated_auto_split/neon_sci_fi_hud_asset_sheet/element_029.png,08_latest_generated_auto_split,59,107,RGBA,True,"0,0,59,107"
08_latest_generated_auto_split/neon_sci_fi_hud_asset_sheet/element_030.png,08_latest_generated_auto_split,58,107,RGBA,True,"0,2,58,107"
08_latest_generated_auto_split/neon_sci_fi_hud_asset_sheet/element_031.png,08_latest_generated_auto_split,61,107,RGBA,True,"0,0,61,107"
08_latest_generated_auto_split/neon_sci_fi_hud_asset_sheet/element_032.png,08_latest_generated_auto_split,65,107,RGBA,True,"0,1,65,107"
08_latest_generated_auto_split/neon_sci_fi_hud_asset_sheet/element_033.png,08_latest_generated_auto_split,85,53,RGBA,True,"0,0,85,53"
08_latest_generated_auto_split/neon_sci_fi_hud_asset_sheet/element_034.png,08_latest_generated_auto_split,92,47,RGBA,True,"0,0,92,47"
08_latest_generated_auto_split/neon_sci_fi_hud_asset_sheet/element_035.png,08_latest_generated_auto_split,59,55,RGBA,True,"0,0,59,53"
08_latest_generated_auto_split/neon_sci_fi_hud_asset_sheet/element_036.png,08_latest_generated_auto_split,84,83,RGBA,True,"0,0,84,83"
08_latest_generated_auto_split/neon_sci_fi_hud_asset_sheet/element_037.png,08_latest_generated_auto_split,83,83,RGBA,True,"0,0,83,83"
08_latest_generated_auto_split/neon_sci_fi_hud_asset_sheet/element_038.png,08_latest_generated_auto_split,73,20,RGBA,True,"0,0,73,20"
08_latest_generated_auto_split/neon_sci_fi_hud_asset_sheet/element_039.png,08_latest_generated_auto_split,149,26,RGBA,True,"1,0,149,26"
08_latest_generated_auto_split/neon_sci_fi_hud_asset_sheet/element_040.png,08_latest_generated_auto_split,235,45,RGBA,True,"0,0,235,45"
08_latest_generated_auto_split/neon_sci_fi_hud_asset_sheet/element_041.png,08_latest_generated_auto_split,47,43,RGBA,True,"0,0,46,43"
08_latest_generated_auto_split/neon_sci_fi_hud_asset_sheet/element_042.png,08_latest_generated_auto_split,418,38,RGBA,True,"1,0,418,38"
08_latest_generated_auto_split/neon_sci_fi_hud_asset_sheet/element_043.png,08_latest_generated_auto_split,101,37,RGBA,True,"0,0,101,37"
08_latest_generated_auto_split/neon_sci_fi_hud_asset_sheet/element_044.png,08_latest_generated_auto_split,42,36,RGBA,True,"0,0,41,36"
08_latest_generated_auto_split/neon_sci_fi_hud_asset_sheet/element_045.png,08_latest_generated_auto_split,42,37,RGBA,True,"0,0,42,37"
08_latest_generated_auto_split/neon_sci_fi_hud_asset_sheet/element_046.png,08_latest_generated_auto_split,73,27,RGBA,True,"0,0,72,27"
08_latest_generated_auto_split/neon_sci_fi_hud_ui_asset_sheet/element_001.png,08_latest_generated_auto_split,573,142,RGBA,True,"0,0,573,142"
08_latest_generated_auto_split/neon_sci_fi_hud_ui_asset_sheet/element_002.png,08_latest_generated_auto_split,554,137,RGBA,True,"0,0,554,137"
08_latest_generated_auto_split/neon_sci_fi_hud_ui_asset_sheet/element_003.png,08_latest_generated_auto_split,1078,640,RGBA,True,"0,0,1078,640"
08_latest_generated_auto_split/neon_sci_fi_hud_ui_asset_sheet/element_004.png,08_latest_generated_auto_split,351,480,RGBA,True,"0,0,351,480"
08_latest_generated_auto_split/neon_sci_fi_hud_ui_asset_sheet/element_005.png,08_latest_generated_auto_split,299,99,RGBA,True,"0,0,299,99"
08_latest_generated_auto_split/neon_sci_fi_hud_ui_asset_sheet/element_006.png,08_latest_generated_auto_split,305,96,RGBA,True,"0,0,305,96"
08_latest_generated_auto_split/neon_sci_fi_hud_ui_asset_sheet/element_007.png,08_latest_generated_auto_split,334,92,RGBA,True,"0,0,334,92"
08_latest_generated_auto_split/neon_sci_fi_hud_ui_asset_sheet/element_008.png,08_latest_generated_auto_split,332,92,RGBA,True,"0,0,331,92"
08_latest_generated_auto_split/neon_sci_fi_hud_ui_asset_sheet/element_009.png,08_latest_generated_auto_split,104,95,RGBA,True,"0,1,104,95"
08_latest_generated_auto_split/neon_sci_fi_hud_ui_asset_sheet/element_010.png,08_latest_generated_auto_split,105,95,RGBA,True,"0,0,105,95"
08_latest_generated_auto_split/neon_sci_fi_hud_ui_asset_sheet/element_011.png,08_latest_generated_auto_split,107,95,RGBA,True,"0,2,107,95"
08_latest_generated_auto_split/neon_sci_fi_hud_ui_asset_sheet/element_012.png,08_latest_generated_auto_split,104,95,RGBA,True,"0,2,104,95"
08_latest_generated_auto_split/neon_sci_fi_hud_ui_asset_sheet/element_013.png,08_latest_generated_auto_split,105,95,RGBA,True,"0,2,105,95"
08_latest_generated_auto_split/neon_sci_fi_hud_ui_asset_sheet/element_014.png,08_latest_generated_auto_split,104,95,RGBA,True,"0,2,104,95"
08_latest_generated_auto_split/neon_sci_fi_hud_ui_asset_sheet/element_015.png,08_latest_generated_auto_split,84,90,RGBA,True,"0,0,84,88"
08_latest_generated_auto_split/neon_sci_fi_hud_ui_asset_sheet/element_016.png,08_latest_generated_auto_split,83,90,RGBA,True,"0,0,83,88"
08_latest_generated_auto_split/neon_sci_fi_hud_ui_asset_sheet/element_017.png,08_latest_generated_auto_split,408,41,RGBA,True,"0,0,408,41"
08_latest_generated_auto_split/neon_sci_fi_hud_ui_asset_sheet/element_018.png,08_latest_generated_auto_split,60,39,RGBA,True,"0,0,60,39"
08_latest_generated_auto_split/neon_sci_fi_hud_ui_asset_sheet/element_019.png,08_latest_generated_auto_split,141,40,RGBA,True,"0,0,141,40"
08_latest_generated_auto_split/neon_sci_fi_hud_ui_asset_sheet/element_020.png,08_latest_generated_auto_split,77,55,RGBA,True,"0,0,77,55"
08_latest_generated_auto_split/neon_sci_fi_hud_ui_asset_sheet/element_021.png,08_latest_generated_auto_split,75,55,RGBA,True,"0,0,75,55"
08_latest_generated_auto_split/neon_sci_fi_hud_ui_asset_sheet/element_022.png,08_latest_generated_auto_split,208,94,RGBA,True,"0,0,208,94"
08_latest_generated_auto_split/neon_sci_fi_hud_ui_asset_sheet/element_023.png,08_latest_generated_auto_split,105,93,RGBA,True,"0,0,105,93"
08_latest_generated_auto_split/neon_sci_fi_hud_ui_asset_sheet/element_024.png,08_latest_generated_auto_split,103,93,RGBA,True,"0,0,103,93"
08_latest_generated_auto_split/neon_sci_fi_hud_ui_asset_sheet/element_025.png,08_latest_generated_auto_split,105,93,RGBA,True,"0,0,105,93"
08_latest_generated_auto_split/neon_sci_fi_hud_ui_asset_sheet/element_026.png,08_latest_generated_auto_split,103,93,RGBA,True,"0,0,103,93"
08_latest_generated_auto_split/neon_sci_fi_hud_ui_asset_sheet/element_027.png,08_latest_generated_auto_split,83,90,RGBA,True,"0,0,83,88"
08_latest_generated_auto_split/neon_sci_fi_hud_ui_asset_sheet/element_028.png,08_latest_generated_auto_split,84,90,RGBA,True,"0,0,84,89"
08_latest_generated_auto_split/neon_sci_fi_hud_ui_asset_sheet/element_029.png,08_latest_generated_auto_split,500,50,RGBA,True,"0,0,500,50"
08_latest_generated_auto_split/neon_sci_fi_options_ui_sprite_sheet/element_001.png,08_latest_generated_auto_split,473,583,RGBA,True,"0,0,473,583"
08_latest_generated_auto_split/neon_sci_fi_options_ui_sprite_sheet/element_002.png,08_latest_generated_auto_split,470,584,RGBA,True,"0,0,470,584"
08_latest_generated_auto_split/neon_sci_fi_options_ui_sprite_sheet/element_003.png,08_latest_generated_auto_split,472,222,RGBA,True,"0,0,471,222"
08_latest_generated_auto_split/neon_sci_fi_options_ui_sprite_sheet/element_004.png,08_latest_generated_auto_split,471,140,RGBA,True,"0,0,471,140"
08_latest_generated_auto_split/neon_sci_fi_options_ui_sprite_sheet/element_005.png,08_latest_generated_auto_split,50,306,RGBA,True,"0,0,49,306"
08_latest_generated_auto_split/neon_sci_fi_options_ui_sprite_sheet/element_006.png,08_latest_generated_auto_split,49,305,RGBA,True,"0,1,49,305"
08_latest_generated_auto_split/neon_sci_fi_options_ui_sprite_sheet/element_007.png,08_latest_generated_auto_split,124,145,RGBA,True,"0,0,124,143"
08_latest_generated_auto_split/neon_sci_fi_options_ui_sprite_sheet/element_008.png,08_latest_generated_auto_split,127,145,RGBA,True,"0,0,127,143"
08_latest_generated_auto_split/neon_sci_fi_options_ui_sprite_sheet/element_009.png,08_latest_generated_auto_split,551,121,RGBA,True,"0,0,551,121"
08_latest_generated_auto_split/neon_sci_fi_options_ui_sprite_sheet/element_010.png,08_latest_generated_auto_split,576,119,RGBA,True,"0,0,576,119"
08_latest_generated_auto_split/neon_sci_fi_options_ui_sprite_sheet/element_011.png,08_latest_generated_auto_split,348,85,RGBA,True,"0,0,348,85"
08_latest_generated_auto_split/neon_sci_fi_options_ui_sprite_sheet/element_012.png,08_latest_generated_auto_split,353,82,RGBA,True,"0,0,353,82"
08_latest_generated_auto_split/neon_sci_fi_options_ui_sprite_sheet/element_013.png,08_latest_generated_auto_split,349,84,RGBA,True,"0,0,349,84"
08_latest_generated_auto_split/neon_sci_fi_options_ui_sprite_sheet/element_014.png,08_latest_generated_auto_split,347,82,RGBA,True,"0,0,347,82"
08_latest_generated_auto_split/neon_sci_fi_options_ui_sprite_sheet/element_015.png,08_latest_generated_auto_split,348,86,RGBA,True,"0,0,348,86"
08_latest_generated_auto_split/neon_sci_fi_options_ui_sprite_sheet/element_016.png,08_latest_generated_auto_split,350,86,RGBA,True,"0,0,350,86"
08_latest_generated_auto_split/neon_sci_fi_options_ui_sprite_sheet/element_017.png,08_latest_generated_auto_split,347,85,RGBA,True,"0,0,347,85"
08_latest_generated_auto_split/neon_sci_fi_options_ui_sprite_sheet/element_018.png,08_latest_generated_auto_split,354,84,RGBA,True,"0,0,354,84"
08_latest_generated_auto_split/neon_sci_fi_options_ui_sprite_sheet/element_019.png,08_latest_generated_auto_split,89,90,RGBA,True,"0,0,89,90"
08_latest_generated_auto_split/neon_sci_fi_options_ui_sprite_sheet/element_020.png,08_latest_generated_auto_split,89,90,RGBA,True,"0,0,89,90"
08_latest_generated_auto_split/neon_sci_fi_options_ui_sprite_sheet/element_021.png,08_latest_generated_auto_split,90,90,RGBA,True,"0,0,90,90"
08_latest_generated_auto_split/neon_sci_fi_options_ui_sprite_sheet/element_022.png,08_latest_generated_auto_split,90,90,RGBA,True,"0,0,90,90"
08_latest_generated_auto_split/neon_sci_fi_options_ui_sprite_sheet/element_023.png,08_latest_generated_auto_split,89,90,RGBA,True,"0,0,89,90"
08_latest_generated_auto_split/neon_sci_fi_options_ui_sprite_sheet/element_024.png,08_latest_generated_auto_split,139,54,RGBA,True,"0,0,139,54"
08_latest_generated_auto_split/neon_sci_fi_options_ui_sprite_sheet/element_025.png,08_latest_generated_auto_split,97,54,RGBA,True,"0,0,97,54"
08_latest_generated_auto_split/neon_sci_fi_options_ui_sprite_sheet/element_026.png,08_latest_generated_auto_split,50,47,RGBA,True,"0,0,50,47"
08_latest_generated_auto_split/neon_sci_fi_options_ui_sprite_sheet/element_027.png,08_latest_generated_auto_split,50,46,RGBA,True,"0,0,50,46"
08_latest_generated_auto_split/neon_sci_fi_options_ui_sprite_sheet/element_028.png,08_latest_generated_auto_split,90,43,RGBA,True,"0,0,90,43"
08_latest_generated_auto_split/neon_sci_fi_options_ui_sprite_sheet/element_029.png,08_latest_generated_auto_split,344,41,RGBA,True,"0,0,344,41"
08_latest_generated_auto_split/neon_sci_fi_options_ui_sprite_sheet/element_030.png,08_latest_generated_auto_split,50,50,RGBA,True,"0,0,50,50"
08_latest_generated_auto_split/neon_sci_fi_options_ui_sprite_sheet/element_031.png,08_latest_generated_auto_split,79,50,RGBA,True,"0,0,79,50"
08_latest_generated_auto_split/neon_sci_fi_options_ui_sprite_sheet/element_032.png,08_latest_generated_auto_split,43,46,RGBA,True,"0,2,43,46"
08_latest_generated_auto_split/neon_sci_fi_options_ui_sprite_sheet/element_033.png,08_latest_generated_auto_split,80,61,RGBA,True,"0,0,80,61"
08_latest_generated_auto_split/neon_sci_fi_options_ui_sprite_sheet/element_034.png,08_latest_generated_auto_split,54,49,RGBA,True,"0,2,54,49"
08_latest_generated_auto_split/neon_sci_fi_options_ui_sprite_sheet/element_035.png,08_latest_generated_auto_split,86,51,RGBA,True,"0,0,86,51"
08_latest_generated_auto_split/neon_sci_fi_options_ui_sprite_sheet/element_036.png,08_latest_generated_auto_split,338,39,RGBA,True,"0,0,338,39"
08_latest_generated_auto_split/neon_sci_fi_options_ui_sprite_sheet/element_037.png,08_latest_generated_auto_split,88,89,RGBA,True,"0,0,88,89"
08_latest_generated_auto_split/neon_sci_fi_options_ui_sprite_sheet/element_038.png,08_latest_generated_auto_split,89,89,RGBA,True,"0,0,89,89"
08_latest_generated_auto_split/neon_sci_fi_options_ui_sprite_sheet/element_039.png,08_latest_generated_auto_split,88,89,RGBA,True,"0,0,88,89"
08_latest_generated_auto_split/neon_sci_fi_options_ui_sprite_sheet/element_040.png,08_latest_generated_auto_split,89,88,RGBA,True,"0,0,89,88"
08_latest_generated_auto_split/neon_sci_fi_options_ui_sprite_sheet/element_041.png,08_latest_generated_auto_split,88,88,RGBA,True,"0,0,88,88"
08_latest_generated_auto_split/neon_sci_fi_options_ui_sprite_sheet/element_042.png,08_latest_generated_auto_split,105,41,RGBA,True,"0,0,105,41"
08_latest_generated_auto_split/neon_sci_fi_options_ui_sprite_sheet/element_043.png,08_latest_generated_auto_split,121,31,RGBA,True,"0,0,121,31"
08_latest_generated_auto_split/neon_sci_fi_options_ui_sprite_sheet/element_044.png,08_latest_generated_auto_split,94,43,RGBA,True,"0,0,94,43"
08_latest_generated_auto_split/neon_sci_fi_options_ui_sprite_sheet/element_045.png,08_latest_generated_auto_split,116,45,RGBA,True,"0,0,116,45"
08_latest_generated_auto_split/neon_sci_fi_options_ui_sprite_sheet/element_046.png,08_latest_generated_auto_split,66,46,RGBA,True,"0,0,66,46"
08_latest_generated_auto_split/neon_sci_fi_options_ui_sprite_sheet/element_047.png,08_latest_generated_auto_split,65,45,RGBA,True,"0,0,63,45"
08_latest_generated_auto_split/neon_sci_fi_options_ui_sprite_sheet/element_048.png,08_latest_generated_auto_split,66,45,RGBA,True,"0,0,66,45"
08_latest_generated_auto_split/neon_sci_fi_options_ui_sprite_sheet/element_049.png,08_latest_generated_auto_split,70,37,RGBA,True,"0,0,70,37"
08_latest_generated_auto_split/neon_sci_fi_options_ui_sprite_sheet/element_050.png,08_latest_generated_auto_split,197,44,RGBA,True,"0,0,197,44"
08_latest_generated_auto_split/neon_sci_fi_options_ui_sprite_sheet/element_051.png,08_latest_generated_auto_split,63,31,RGBA,True,"0,0,63,31"
08_latest_generated_auto_split/neon_sci_fi_options_ui_sprite_sheet/element_052.png,08_latest_generated_auto_split,93,32,RGBA,True,"0,0,93,32"
08_latest_generated_auto_split/neon_sci_fi_skills_ui_sprite_sheet/element_001.png,08_latest_generated_auto_split,678,745,RGBA,True,"0,0,678,745"
08_latest_generated_auto_split/neon_sci_fi_skills_ui_sprite_sheet/element_002.png,08_latest_generated_auto_split,352,511,RGBA,True,"0,2,352,511"
08_latest_generated_auto_split/neon_sci_fi_skills_ui_sprite_sheet/element_003.png,08_latest_generated_auto_split,353,510,RGBA,True,"0,2,353,510"
08_latest_generated_auto_split/neon_sci_fi_skills_ui_sprite_sheet/element_004.png,08_latest_generated_auto_split,50,351,RGBA,True,"0,1,50,350"
08_latest_generated_auto_split/neon_sci_fi_skills_ui_sprite_sheet/element_005.png,08_latest_generated_auto_split,47,350,RGBA,True,"0,1,47,349"
08_latest_generated_auto_split/neon_sci_fi_skills_ui_sprite_sheet/element_006.png,08_latest_generated_auto_split,416,106,RGBA,True,"0,0,416,106"
08_latest_generated_auto_split/neon_sci_fi_skills_ui_sprite_sheet/element_007.png,08_latest_generated_auto_split,416,104,RGBA,True,"0,0,416,104"
08_latest_generated_auto_split/neon_sci_fi_skills_ui_sprite_sheet/element_008.png,08_latest_generated_auto_split,81,80,RGBA,True,"0,0,81,80"
08_latest_generated_auto_split/neon_sci_fi_skills_ui_sprite_sheet/element_009.png,08_latest_generated_auto_split,81,81,RGBA,True,"0,0,81,81"
08_latest_generated_auto_split/neon_sci_fi_skills_ui_sprite_sheet/element_010.png,08_latest_generated_auto_split,80,80,RGBA,True,"0,0,80,80"
08_latest_generated_auto_split/neon_sci_fi_skills_ui_sprite_sheet/element_011.png,08_latest_generated_auto_split,81,79,RGBA,True,"0,0,81,79"
08_latest_generated_auto_split/neon_sci_fi_skills_ui_sprite_sheet/element_012.png,08_latest_generated_auto_split,331,96,RGBA,True,"0,0,331,96"
08_latest_generated_auto_split/neon_sci_fi_skills_ui_sprite_sheet/element_013.png,08_latest_generated_auto_split,333,96,RGBA,True,"0,0,333,96"
08_latest_generated_auto_split/neon_sci_fi_skills_ui_sprite_sheet/element_014.png,08_latest_generated_auto_split,81,81,RGBA,True,"0,0,81,81"
08_latest_generated_auto_split/neon_sci_fi_skills_ui_sprite_sheet/element_015.png,08_latest_generated_auto_split,81,81,RGBA,True,"0,0,81,81"
08_latest_generated_auto_split/neon_sci_fi_skills_ui_sprite_sheet/element_016.png,08_latest_generated_auto_split,80,81,RGBA,True,"0,0,80,81"
08_latest_generated_auto_split/neon_sci_fi_skills_ui_sprite_sheet/element_017.png,08_latest_generated_auto_split,81,81,RGBA,True,"0,0,81,81"
08_latest_generated_auto_split/neon_sci_fi_skills_ui_sprite_sheet/element_018.png,08_latest_generated_auto_split,326,58,RGBA,True,"2,0,326,58"
08_latest_generated_auto_split/neon_sci_fi_skills_ui_sprite_sheet/element_019.png,08_latest_generated_auto_split,325,56,RGBA,True,"0,0,325,56"
08_latest_generated_auto_split/neon_sci_fi_skills_ui_sprite_sheet/element_020.png,08_latest_generated_auto_split,529,35,RGBA,True,"1,0,529,35"
08_latest_generated_auto_split/neon_sci_fi_skills_ui_sprite_sheet/element_021.png,08_latest_generated_auto_split,39,79,RGBA,True,"0,2,39,79"
08_latest_generated_auto_split/neon_sci_fi_skills_ui_sprite_sheet/element_022.png,08_latest_generated_auto_split,126,75,RGBA,True,"0,1,125,75"
08_latest_generated_auto_split/neon_sci_fi_skills_ui_sprite_sheet/element_023.png,08_latest_generated_auto_split,324,71,RGBA,True,"2,0,324,71"
08_latest_generated_auto_split/neon_sci_fi_skills_ui_sprite_sheet/element_024.png,08_latest_generated_auto_split,323,69,RGBA,True,"1,0,323,69"
08_latest_generated_auto_split/neon_sci_fi_skills_ui_sprite_sheet/element_025.png,08_latest_generated_auto_split,230,48,RGBA,True,"0,0,230,48"
08_latest_generated_auto_split/neon_sci_fi_skills_ui_sprite_sheet/element_026.png,08_latest_generated_auto_split,115,46,RGBA,True,"0,0,115,46"
08_latest_generated_auto_split/neon_sci_fi_skills_ui_sprite_sheet/element_027.png,08_latest_generated_auto_split,47,44,RGBA,True,"0,0,47,44"
08_latest_generated_auto_split/neon_sci_fi_skills_ui_sprite_sheet/element_028.png,08_latest_generated_auto_split,46,44,RGBA,True,"0,0,46,44"
08_latest_generated_auto_split/neon_sci_fi_skills_ui_sprite_sheet/element_029.png,08_latest_generated_auto_split,48,44,RGBA,True,"0,0,48,44"
08_latest_generated_auto_split/neon_sci_fi_skills_ui_sprite_sheet/element_030.png,08_latest_generated_auto_split,441,74,RGBA,True,"0,0,441,73"
08_latest_generated_auto_split/neon_sci_fi_skills_ui_sprite_sheet/element_031.png,08_latest_generated_auto_split,438,74,RGBA,True,"0,0,438,73"
08_latest_generated_auto_split/neon_sci_fi_skills_ui_sprite_sheet/element_032.png,08_latest_generated_auto_split,75,75,RGBA,True,"0,0,75,74"
08_latest_generated_auto_split/neon_sci_fi_skills_ui_sprite_sheet/element_033.png,08_latest_generated_auto_split,75,75,RGBA,True,"0,0,75,75"
08_latest_generated_auto_split/neon_sci_fi_skills_ui_sprite_sheet/element_034.png,08_latest_generated_auto_split,75,75,RGBA,True,"0,0,75,75"
08_latest_generated_auto_split/neon_sci_fi_skills_ui_sprite_sheet/element_035.png,08_latest_generated_auto_split,76,75,RGBA,True,"0,0,76,73"
08_latest_generated_auto_split/neon_sci_fi_skills_ui_sprite_sheet/element_036.png,08_latest_generated_auto_split,75,75,RGBA,True,"0,0,75,73"
08_latest_generated_auto_split/neon_sci_fi_skills_ui_sprite_sheet/element_037.png,08_latest_generated_auto_split,76,75,RGBA,True,"0,0,75,73"
