class,path,width,height,alpha_bbox,pair_key,source
reference,_OUR_STYLE_UI_ELEMENTS/reference/master_previous/07_latest_generated_full_sheets/cyber_neon_quest_tree_ui_kit.png,1448,1086,"0,0,1448,1086",cyber_neon_quest_tree_ui_kit,master_previous:dragonmine_complete_ui_elements_master_bundle/07_latest_generated_full_sheets/cyber_neon_quest_tree_ui_kit.png
reference,_OUR_STYLE_UI_ELEMENTS/reference/master_previous/07_latest_generated_full_sheets/neon_minigames_saga_hud_asset_sheet.png,1448,1086,"0,12,1436,1086",neon_minigames_saga_hud_asset_sheet,master_previous:dragonmine_complete_ui_elements_master_bundle/07_latest_generated_full_sheets/neon_minigames_saga_hud_asset_sheet.png
reference,_OUR_STYLE_UI_ELEMENTS/reference/master_previous/07_latest_generated_full_sheets/neon_sci_fi_hud_asset_sheet.png,1448,1086,"0,13,1429,1072",neon_sci_fi_hud_asset_sheet,master_previous:dragonmine_complete_ui_elements_master_bundle/07_latest_generated_full_sheets/neon_sci_fi_hud_asset_sheet.png
reference,_OUR_STYLE_UI_ELEMENTS/reference/master_previous/07_latest_generated_full_sheets/neon_sci_fi_skills_ui_sprite_sheet.png,1448,1086,"0,21,1436,1086",neon_sci_fi_skills_ui_sprite_sheet,master_previous:dragonmine_complete_ui_elements_master_bundle/07_latest_generated_full_sheets/neon_sci_fi_skills_ui_sprite_sheet.png
reference,_OUR_STYLE_UI_ELEMENTS/reference/master_previous/07_latest_generated_full_sheets/neon_sci_fi_hud_ui_asset_sheet.png,1448,1086,"0,0,1448,1062",neon_sci_fi_hud_ui_asset_sheet,master_previous:dragonmine_complete_ui_elements_master_bundle/07_latest_generated_full_sheets/neon_sci_fi_hud_ui_asset_sheet.png
reference,_OUR_STYLE_UI_ELEMENTS/reference/master_previous/07_latest_generated_full_sheets/neon_sci_fi_options_ui_sprite_sheet.png,1448,1086,"0,13,1436,1074",neon_sci_fi_options_ui_sprite_sheet,master_previous:dragonmine_complete_ui_elements_master_bundle/07_latest_generated_full_sheets/neon_sci_fi_options_ui_sprite_sheet.png
clean,_OUR_STYLE_UI_ELEMENTS/clean/master_previous/04_dragonmine_status_redesign_v3/dragonmine_redesign_single_elements_v3/10_overlays/clean_character_scan_ring.png,640,640,"73,69,571,572",character_scan_ring,master_previous:dragonmine_complete_ui_elements_master_bundle/04_dragonmine_status_redesign_v3/dragonmine_redesign_single_elements_v3/10_overlays/clean_character_scan_ring.png
clean,_OUR_STYLE_UI_ELEMENTS/clean/master_previous/04_dragonmine_status_redesign_v3/dragonmine_redesign_single_elements_v3/10_overlays/clean_blue_orange_divider.png,700,80,"41,18,660,63",blue_orange_divider,master_previous:dragonmine_complete_ui_elements_master_bundle/04_dragonmine_status_redesign_v3/dragonmine_redesign_single_elements_v3/10_overlays/clean_blue_orange_divider.png
clean,_OUR_STYLE_UI_ELEMENTS/clean/master_previous/04_dragonmine_status_redesign_v3/dragonmine_redesign_single_elements_v3/02_headers/clean_statistics_header.png,870,230,"0,0,870,230",statistics_header,master_previous:dragonmine_complete_ui_elements_master_bundle/04_dragonmine_status_redesign_v3/dragonmine_redesign_single_elements_v3/02_headers/clean_statistics_header.png
clean,_OUR_STYLE_UI_ELEMENTS/clean/master_previous/04_dragonmine_status_redesign_v3/dragonmine_redesign_single_elements_v3/02_headers/clean_information_stats_header.png,810,135,"0,0,810,135",information_stats_header,master_previous:dragonmine_complete_ui_elements_master_bundle/04_dragonmine_status_redesign_v3/dragonmine_redesign_single_elements_v3/02_headers/clean_information_stats_header.png
clean,_OUR_STYLE_UI_ELEMENTS/clean/master_previous/04_dragonmine_status_redesign_v3/dragonmine_redesign_single_elements_v3/02_headers/clean_information_header.png,960,285,"0,5,960,285",information_header,master_previous:dragonmine_complete_ui_elements_master_bundle/04_dragonmine_status_redesign_v3/dragonmine_redesign_single_elements_v3/02_headers/clean_information_header.png
example,_OUR_STYLE_UI_ELEMENTS/example/master_previous/04_dragonmine_status_redesign_v3/dragonmine_redesign_single_elements_v3/02_headers/example_information_header.png,925,255,"0,0,914,255",information_header,master_previous:dragonmine_complete_ui_elements_master_bundle/04_dragonmine_status_redesign_v3/dragonmine_redesign_single_elements_v3/02_headers/example_information_header.png
example,_OUR_STYLE_UI_ELEMENTS/example/master_previous/04_dragonmine_status_redesign_v3/dragonmine_redesign_single_elements_v3/02_headers/example_information_stats_header.png,795,130,"0,0,795,130",information_stats_header,master_previous:dragonmine_complete_ui_elements_master_bundle/04_dragonmine_status_redesign_v3/dragonmine_redesign_single_elements_v3/02_headers/example_information_stats_header.png
example,_OUR_STYLE_UI_ELEMENTS/example/master_previous/04_dragonmine_status_redesign_v3/dragonmine_redesign_single_elements_v3/02_headers/example_statistics_header.png,840,205,"0,0,840,205",statistics_header,master_previous:dragonmine_complete_ui_elements_master_bundle/04_dragonmine_status_redesign_v3/dragonmine_redesign_single_elements_v3/02_headers/example_statistics_header.png
example,_OUR_STYLE_UI_ELEMENTS/example/master_previous/04_dragonmine_status_redesign_v3/dragonmine_redesign_single_elements_v3/00_reference/example_full_ui_reference.png,1672,941,"0,0,1672,941",full_ui_reference,master_previous:dragonmine_complete_ui_elements_master_bundle/04_dragonmine_status_redesign_v3/dragonmine_redesign_single_elements_v3/00_reference/example_full_ui_reference.png
clean,_OUR_STYLE_UI_ELEMENTS/clean/master_previous/04_dragonmine_status_redesign_v3/dragonmine_redesign_single_elements_v3/06_nameplate/clean_nameplate.png,1536,1003,"0,12,1525,991",nameplate,master_previous:dragonmine_complete_ui_elements_master_bundle/04_dragonmine_status_redesign_v3/dragonmine_redesign_single_elements_v3/06_nameplate/clean_nameplate.png
example,_OUR_STYLE_UI_ELEMENTS/example/master_previous/04_dragonmine_status_redesign_v3/dragonmine_redesign_single_elements_v3/06_nameplate/example_nameplate_dev_saiyan.png,1536,1001,"8,12,1535,989",nameplate_dev_saiyan,master_previous:dragonmine_complete_ui_elements_master_bundle/04_dragonmine_status_redesign_v3/dragonmine_redesign_single_elements_v3/06_nameplate/example_nameplate_dev_saiyan.png
clean,_OUR_STYLE_UI_ELEMENTS/clean/master_previous/04_dragonmine_status_redesign_v3/dragonmine_redesign_single_elements_v3/01_panels/clean_statistics_panel.png,1024,1498,"0,0,1012,1486",statistics_panel,master_previous:dragonmine_complete_ui_elements_master_bundle/04_dragonmine_status_redesign_v3/dragonmine_redesign_single_elements_v3/01_panels/clean_statistics_panel.png
clean,_OUR_STYLE_UI_ELEMENTS/clean/master_previous/04_dragonmine_status_redesign_v3/dragonmine_redesign_single_elements_v3/01_panels/clean_information_panel.png,1024,1531,"0,12,1012,1531",information_panel,master_previous:dragonmine_complete_ui_elements_master_bundle/04_dragonmine_status_redesign_v3/dragonmine_redesign_single_elements_v3/01_panels/clean_information_panel.png
example,_OUR_STYLE_UI_ELEMENTS/example/master_previous/04_dragonmine_status_redesign_v3/dragonmine_redesign_single_elements_v3/01_panels/example_statistics_panel.png,1023,1536,"0,0,1011,1536",statistics_panel,master_previous:dragonmine_complete_ui_elements_master_bundle/04_dragonmine_status_redesign_v3/dragonmine_redesign_single_elements_v3/01_panels/example_statistics_panel.png
example,_OUR_STYLE_UI_ELEMENTS/example/master_previous/04_dragonmine_status_redesign_v3/dragonmine_redesign_single_elements_v3/01_panels/example_information_panel.png,989,1461,"12,12,977,1449",information_panel,master_previous:dragonmine_complete_ui_elements_master_bundle/04_dragonmine_status_redesign_v3/dragonmine_redesign_single_elements_v3/01_panels/example_information_panel.png
example,_OUR_STYLE_UI_ELEMENTS/example/master_previous/04_dragonmine_status_redesign_v3/dragonmine_redesign_single_elements_v3/03_information_basic_rows/example_level_row.png,900,110,"0,0,900,110",level_row,master_previous:dragonmine_complete_ui_elements_master_bundle/04_dragonmine_status_redesign_v3/dragonmine_redesign_single_elements_v3/03_information_basic_rows/example_level_row.png
clean,_OUR_STYLE_UI_ELEMENTS/clean/master_previous/04_dragonmine_status_redesign_v3/dragonmine_redesign_single_elements_v3/03_information_basic_rows/clean_class_row.png,900,110,"0,0,900,110",class_row,master_previous:dragonmine_complete_ui_elements_master_bundle/04_dragonmine_status_redesign_v3/dragonmine_redesign_single_elements_v3/03_information_basic_rows/clean_class_row.png
example,_OUR_STYLE_UI_ELEMENTS/example/master_previous/04_dragonmine_status_redesign_v3/dragonmine_redesign_single_elements_v3/03_information_basic_rows/example_form_row.png,900,110,"0,0,900,110",form_row,master_previous:dragonmine_complete_ui_elements_master_bundle/04_dragonmine_status_redesign_v3/dragonmine_redesign_single_elements_v3/03_information_basic_rows/example_form_row.png
example,_OUR_STYLE_UI_ELEMENTS/example/master_previous/04_dragonmine_status_redesign_v3/dragonmine_redesign_single_elements_v3/03_information_basic_rows/example_class_row.png,900,110,"0,0,900,110",class_row,master_previous:dragonmine_complete_ui_elements_master_bundle/04_dragonmine_status_redesign_v3/dragonmine_redesign_single_elements_v3/03_information_basic_rows/example_class_row.png
example,_OUR_STYLE_UI_ELEMENTS/example/master_previous/04_dragonmine_status_redesign_v3/dragonmine_redesign_single_elements_v3/03_information_basic_rows/example_tps_row.png,900,110,"0,0,900,110",tps_row,master_previous:dragonmine_complete_ui_elements_master_bundle/04_dragonmine_status_redesign_v3/dragonmine_redesign_single_elements_v3/03_information_basic_rows/example_tps_row.png
example,_OUR_STYLE_UI_ELEMENTS/example/master_previous/04_dragonmine_status_redesign_v3/dragonmine_redesign_single_elements_v3/08_icons/example_blue_orb_icon.png,521,907,"0,10,521,907",blue_orb_icon,master_previous:dragonmine_complete_ui_elements_master_bundle/04_dragonmine_status_redesign_v3/dragonmine_redesign_single_elements_v3/08_icons/example_blue_orb_icon.png
example,_OUR_STYLE_UI_ELEMENTS/example/master_previous/04_dragonmine_status_redesign_v3/dragonmine_redesign_single_elements_v3/08_icons/example_red_orb_icon.png,522,915,"0,10,522,905",red_orb_icon,master_previous:dragonmine_complete_ui_elements_master_bundle/04_dragonmine_status_redesign_v3/dragonmine_redesign_single_elements_v3/08_icons/example_red_orb_icon.png
example,_OUR_STYLE_UI_ELEMENTS/example/master_previous/04_dragonmine_status_redesign_v3/dragonmine_redesign_single_elements_v3/08_icons/example_orange_orb_icon.png,541,941,"0,0,541,931",orange_orb_icon,master_previous:dragonmine_complete_ui_elements_master_bundle/04_dragonmine_status_redesign_v3/dragonmine_redesign_single_elements_v3/08_icons/example_orange_orb_icon.png
clean,_OUR_STYLE_UI_ELEMENTS/clean/master_previous/04_dragonmine_status_redesign_v3/dragonmine_redesign_single_elements_v3/05_statistics_rows/clean_statistics_row_generic.png,1040,126,"0,0,1040,126",statistics_row_generic,master_previous:dragonmine_complete_ui_elements_master_bundle/04_dragonmine_status_redesign_v3/dragonmine_redesign_single_elements_v3/05_statistics_rows/clean_statistics_row_generic.png
example,_OUR_STYLE_UI_ELEMENTS/example/master_previous/04_dragonmine_status_redesign_v3/dragonmine_redesign_single_elements_v3/05_statistics_rows/example_melee_dmg_row.png,1040,126,"0,0,1040,126",melee_dmg_row,master_previous:dragonmine_complete_ui_elements_master_bundle/04_dragonmine_status_redesign_v3/dragonmine_redesign_single_elements_v3/05_statistics_rows/example_melee_dmg_row.png
clean,_OUR_STYLE_UI_ELEMENTS/clean/master_previous/04_dragonmine_status_redesign_v3/dragonmine_redesign_single_elements_v3/07_navigation_buttons/clean_party_button.png,1239,1249,"0,12,1227,1249",party_button,master_previous:dragonmine_complete_ui_elements_master_bundle/04_dragonmine_status_redesign_v3/dragonmine_redesign_single_elements_v3/07_navigation_buttons/clean_party_button.png
example,_OUR_STYLE_UI_ELEMENTS/example/master_previous/04_dragonmine_status_redesign_v3/dragonmine_redesign_single_elements_v3/07_navigation_buttons/example_character_button.png,1254,1229,"0,12,1242,1217",character_button,master_previous:dragonmine_complete_ui_elements_master_bundle/04_dragonmine_status_redesign_v3/dragonmine_redesign_single_elements_v3/07_navigation_buttons/example_character_button.png
example,_OUR_STYLE_UI_ELEMENTS/example/master_previous/04_dragonmine_status_redesign_v3/dragonmine_redesign_single_elements_v3/07_navigation_buttons/example_skills_button.png,1242,1217,"0,12,1230,1205",skills_button,master_previous:dragonmine_complete_ui_elements_master_bundle/04_dragonmine_status_redesign_v3/dragonmine_redesign_single_elements_v3/07_navigation_buttons/example_skills_button.png
example,_OUR_STYLE_UI_ELEMENTS/example/master_previous/04_dragonmine_status_redesign_v3/dragonmine_redesign_single_elements_v3/07_navigation_buttons/example_quests_button.png,1250,1224,"0,12,1238,1212",quests_button,master_previous:dragonmine_complete_ui_elements_master_bundle/04_dragonmine_status_redesign_v3/dragonmine_redesign_single_elements_v3/07_navigation_buttons/example_quests_button.png
example,_OUR_STYLE_UI_ELEMENTS/example/master_previous/04_dragonmine_status_redesign_v3/dragonmine_redesign_single_elements_v3/07_navigation_buttons/example_party_button.png,1218,1217,"0,12,1206,1205",party_button,master_previous:dragonmine_complete_ui_elements_master_bundle/04_dragonmine_status_redesign_v3/dragonmine_redesign_single_elements_v3/07_navigation_buttons/example_party_button.png
example,_OUR_STYLE_UI_ELEMENTS/example/master_previous/04_dragonmine_status_redesign_v3/dragonmine_redesign_single_elements_v3/07_navigation_buttons/example_items_button.png,1182,1185,"0,12,1170,1173",items_button,master_previous:dragonmine_complete_ui_elements_master_bundle/04_dragonmine_status_redesign_v3/dragonmine_redesign_single_elements_v3/07_navigation_buttons/example_items_button.png
example,_OUR_STYLE_UI_ELEMENTS/example/master_previous/04_dragonmine_status_redesign_v3/dragonmine_redesign_single_elements_v3/07_navigation_buttons/example_settings_button.png,1250,1212,"0,12,1238,1200",settings_button,master_previous:dragonmine_complete_ui_elements_master_bundle/04_dragonmine_status_redesign_v3/dragonmine_redesign_single_elements_v3/07_navigation_buttons/example_settings_button.png
example,_OUR_STYLE_UI_ELEMENTS/example/master_previous/04_dragonmine_status_redesign_v3/dragonmine_redesign_single_elements_v3/09_micro_elements/example_tpc_label.png,132,67,"5,5,127,62",tpc_label,master_previous:dragonmine_complete_ui_elements_master_bundle/04_dragonmine_status_redesign_v3/dragonmine_redesign_single_elements_v3/09_micro_elements/example_tpc_label.png
example,_OUR_STYLE_UI_ELEMENTS/example/master_previous/04_dragonmine_status_redesign_v3/dragonmine_redesign_single_elements_v3/09_micro_elements/example_res_multiplier.png,114,59,"5,5,109,54",res_multiplier,master_previous:dragonmine_complete_ui_elements_master_bundle/04_dragonmine_status_redesign_v3/dragonmine_redesign_single_elements_v3/09_micro_elements/example_res_multiplier.png
example,_OUR_STYLE_UI_ELEMENTS/example/master_previous/04_dragonmine_status_redesign_v3/dragonmine_redesign_single_elements_v3/09_micro_elements/example_ene_label.png,129,67,"5,5,124,62",ene_label,master_previous:dragonmine_complete_ui_elements_master_bundle/04_dragonmine_status_redesign_v3/dragonmine_redesign_single_elements_v3/09_micro_elements/example_ene_label.png
example,_OUR_STYLE_UI_ELEMENTS/example/master_previous/04_dragonmine_status_redesign_v3/dragonmine_redesign_single_elements_v3/09_micro_elements/example_res_label.png,122,67,"5,5,117,62",res_label,master_previous:dragonmine_complete_ui_elements_master_bundle/04_dragonmine_status_redesign_v3/dragonmine_redesign_single_elements_v3/09_micro_elements/example_res_label.png
example,_OUR_STYLE_UI_ELEMENTS/example/master_previous/04_dragonmine_status_redesign_v3/dragonmine_redesign_single_elements_v3/09_micro_elements/example_pur_label.png,138,67,"5,5,133,62",pur_label,master_previous:dragonmine_complete_ui_elements_master_bundle/04_dragonmine_status_redesign_v3/dragonmine_redesign_single_elements_v3/09_micro_elements/example_pur_label.png
example,_OUR_STYLE_UI_ELEMENTS/example/master_previous/04_dragonmine_status_redesign_v3/dragonmine_redesign_single_elements_v3/09_micro_elements/example_skp_label.png,131,67,"5,5,126,62",skp_label,master_previous:dragonmine_complete_ui_elements_master_bundle/04_dragonmine_status_redesign_v3/dragonmine_redesign_single_elements_v3/09_micro_elements/example_skp_label.png
example,_OUR_STYLE_UI_ELEMENTS/example/master_previous/04_dragonmine_status_redesign_v3/dragonmine_redesign_single_elements_v3/09_micro_elements/example_ene_value.png,275,66,"5,5,270,61",ene_value,master_previous:dragonmine_complete_ui_elements_master_bundle/04_dragonmine_status_redesign_v3/dragonmine_redesign_single_elements_v3/09_micro_elements/example_ene_value.png
example,_OUR_STYLE_UI_ELEMENTS/example/master_previous/04_dragonmine_status_redesign_v3/dragonmine_redesign_single_elements_v3/09_micro_elements/example_tpc_value.png,276,66,"5,5,271,61",tpc_value,master_previous:dragonmine_complete_ui_elements_master_bundle/04_dragonmine_status_redesign_v3/dragonmine_redesign_single_elements_v3/09_micro_elements/example_tpc_value.png
example,_OUR_STYLE_UI_ELEMENTS/example/master_previous/04_dragonmine_status_redesign_v3/dragonmine_redesign_single_elements_v3/09_micro_elements/example_tpc_multiplier.png,74,59,"5,5,69,54",tpc_multiplier,master_previous:dragonmine_complete_ui_elements_master_bundle/04_dragonmine_status_redesign_v3/dragonmine_redesign_single_elements_v3/09_micro_elements/example_tpc_multiplier.png
example,_OUR_STYLE_UI_ELEMENTS/example/master_previous/04_dragonmine_status_redesign_v3/dragonmine_redesign_single_elements_v3/09_micro_elements/example_str_value.png,206,66,"5,5,201,61",str_value,master_previous:dragonmine_complete_ui_elements_master_bundle/04_dragonmine_status_redesign_v3/dragonmine_redesign_single_elements_v3/09_micro_elements/example_str_value.png
clean,_OUR_STYLE_UI_ELEMENTS/clean/master_previous/04_dragonmine_status_redesign_v3/dragonmine_redesign_single_elements_v3/09_micro_elements/clean_plus_button.png,128,128,"0,0,128,128",plus_button,master_previous:dragonmine_complete_ui_elements_master_bundle/04_dragonmine_status_redesign_v3/dragonmine_redesign_single_elements_v3/09_micro_elements/clean_plus_button.png
clean,_OUR_STYLE_UI_ELEMENTS/clean/master_previous/04_dragonmine_status_redesign_v3/dragonmine_redesign_single_elements_v3/09_micro_elements/clean_multiplier_field.png,260,110,"8,14,253,97",multiplier_field,master_previous:dragonmine_complete_ui_elements_master_bundle/04_dragonmine_status_redesign_v3/dragonmine_redesign_single_elements_v3/09_micro_elements/clean_multiplier_field.png
example,_OUR_STYLE_UI_ELEMENTS/example/master_previous/04_dragonmine_status_redesign_v3/dragonmine_redesign_single_elements_v3/09_micro_elements/example_skp_multiplier.png,114,59,"5,5,109,54",skp_multiplier,master_previous:dragonmine_complete_ui_elements_master_bundle/04_dragonmine_status_redesign_v3/dragonmine_redesign_single_elements_v3/09_micro_elements/example_skp_multiplier.png
example,_OUR_STYLE_UI_ELEMENTS/example/master_previous/04_dragonmine_status_redesign_v3/dragonmine_redesign_single_elements_v3/09_micro_elements/example_vit_value.png,275,66,"5,5,270,61",vit_value,master_previous:dragonmine_complete_ui_elements_master_bundle/04_dragonmine_status_redesign_v3/dragonmine_redesign_single_elements_v3/09_micro_elements/example_vit_value.png
example,_OUR_STYLE_UI_ELEMENTS/example/master_previous/04_dragonmine_status_redesign_v3/dragonmine_redesign_single_elements_v3/09_micro_elements/example_pur_value.png,178,66,"5,5,173,61",pur_value,master_previous:dragonmine_complete_ui_elements_master_bundle/04_dragonmine_status_redesign_v3/dragonmine_redesign_single_elements_v3/09_micro_elements/example_pur_value.png
example,_OUR_STYLE_UI_ELEMENTS/example/master_previous/04_dragonmine_status_redesign_v3/dragonmine_redesign_single_elements_v3/09_micro_elements/example_res_value.png,277,66,"5,5,272,61",res_value,master_previous:dragonmine_complete_ui_elements_master_bundle/04_dragonmine_status_redesign_v3/dragonmine_redesign_single_elements_v3/09_micro_elements/example_res_value.png
example,_OUR_STYLE_UI_ELEMENTS/example/master_previous/04_dragonmine_status_redesign_v3/dragonmine_redesign_single_elements_v3/09_micro_elements/example_skp_value.png,204,66,"5,5,199,61",skp_value,master_previous:dragonmine_complete_ui_elements_master_bundle/04_dragonmine_status_redesign_v3/dragonmine_redesign_single_elements_v3/09_micro_elements/example_skp_value.png
example,_OUR_STYLE_UI_ELEMENTS/example/master_previous/04_dragonmine_status_redesign_v3/dragonmine_redesign_single_elements_v3/09_micro_elements/example_vit_label.png,118,67,"5,5,113,62",vit_label,master_previous:dragonmine_complete_ui_elements_master_bundle/04_dragonmine_status_redesign_v3/dragonmine_redesign_single_elements_v3/09_micro_elements/example_vit_label.png
example,_OUR_STYLE_UI_ELEMENTS/example/master_previous/04_dragonmine_status_redesign_v3/dragonmine_redesign_single_elements_v3/09_micro_elements/example_str_label.png,127,67,"5,5,122,62",str_label,master_previous:dragonmine_complete_ui_elements_master_bundle/04_dragonmine_status_redesign_v3/dragonmine_redesign_single_elements_v3/09_micro_elements/example_str_label.png
example,_OUR_STYLE_UI_ELEMENTS/example/master_previous/04_dragonmine_status_redesign_v3/dragonmine_redesign_single_elements_v3/04_information_stat_rows/example_res_row.png,1040,126,"0,0,1040,126",res_row,master_previous:dragonmine_complete_ui_elements_master_bundle/04_dragonmine_status_redesign_v3/dragonmine_redesign_single_elements_v3/04_information_stat_rows/example_res_row.png
clean,_OUR_STYLE_UI_ELEMENTS/clean/master_previous/04_dragonmine_status_redesign_v3/dragonmine_redesign_single_elements_v3/04_information_stat_rows/clean_res_row.png,1040,126,"0,0,1040,126",res_row,master_previous:dragonmine_complete_ui_elements_master_bundle/04_dragonmine_status_redesign_v3/dragonmine_redesign_single_elements_v3/04_information_stat_rows/clean_res_row.png
example,_OUR_STYLE_UI_ELEMENTS/example/master_previous/04_dragonmine_status_redesign_v3/dragonmine_redesign_single_elements_v3/04_information_stat_rows/example_str_row.png,1040,126,"0,0,1040,126",str_row,master_previous:dragonmine_complete_ui_elements_master_bundle/04_dragonmine_status_redesign_v3/dragonmine_redesign_single_elements_v3/04_information_stat_rows/example_str_row.png
example,_OUR_STYLE_UI_ELEMENTS/example/master_previous/04_dragonmine_status_redesign_v3/dragonmine_redesign_single_elements_v3/04_information_stat_rows/example_tpc_row.png,1040,126,"0,0,1040,126",tpc_row,master_previous:dragonmine_complete_ui_elements_master_bundle/04_dragonmine_status_redesign_v3/dragonmine_redesign_single_elements_v3/04_information_stat_rows/example_tpc_row.png
example,_OUR_STYLE_UI_ELEMENTS/example/master_previous/04_dragonmine_status_redesign_v3/dragonmine_redesign_single_elements_v3/04_information_stat_rows/example_ene_row.png,1040,126,"0,0,1040,126",ene_row,master_previous:dragonmine_complete_ui_elements_master_bundle/04_dragonmine_status_redesign_v3/dragonmine_redesign_single_elements_v3/04_information_stat_rows/example_ene_row.png
example,_OUR_STYLE_UI_ELEMENTS/example/master_previous/04_dragonmine_status_redesign_v3/dragonmine_redesign_single_elements_v3/04_information_stat_rows/example_vit_row.png,1040,126,"0,0,1040,126",vit_row,master_previous:dragonmine_complete_ui_elements_master_bundle/04_dragonmine_status_redesign_v3/dragonmine_redesign_single_elements_v3/04_information_stat_rows/example_vit_row.png
example,_OUR_STYLE_UI_ELEMENTS/example/master_previous/04_dragonmine_status_redesign_v3/dragonmine_redesign_single_elements_v3/04_information_stat_rows/example_pur_row.png,1040,126,"0,0,1040,126",pur_row,master_previous:dragonmine_complete_ui_elements_master_bundle/04_dragonmine_status_redesign_v3/dragonmine_redesign_single_elements_v3/04_information_stat_rows/example_pur_row.png
example,_OUR_STYLE_UI_ELEMENTS/example/master_previous/04_dragonmine_status_redesign_v3/dragonmine_redesign_single_elements_v3/04_information_stat_rows/example_skp_row.png,1040,126,"0,0,1040,126",skp_row,master_previous:dragonmine_complete_ui_elements_master_bundle/04_dragonmine_status_redesign_v3/dragonmine_redesign_single_elements_v3/04_information_stat_rows/example_skp_row.png
clean,_OUR_STYLE_UI_ELEMENTS/clean/master_previous/06_all_chat_clean_collection/all_chat_clean_ui_elements_bundle/04_legacy_clean_elements/05_skills_button.png,1254,1254,"0,21,1230,1214",05_skills_button,master_previous:dragonmine_complete_ui_elements_master_bundle/06_all_chat_clean_collection/all_chat_clean_ui_elements_bundle/04_legacy_clean_elements/05_skills_button.png
clean,_OUR_STYLE_UI_ELEMENTS/clean/master_previous/06_all_chat_clean_collection/all_chat_clean_ui_elements_bundle/04_legacy_clean_elements/10_top_right_orb_icons.png,1536,1024,"0,21,1504,1000",10_top_right_orb_icons,master_previous:dragonmine_complete_ui_elements_master_bundle/06_all_chat_clean_collection/all_chat_clean_ui_elements_bundle/04_legacy_clean_elements/10_top_right_orb_icons.png
clean,_OUR_STYLE_UI_ELEMENTS/clean/master_previous/06_all_chat_clean_collection/all_chat_clean_ui_elements_bundle/04_legacy_clean_elements/02_top_nameplate.png,1536,1024,"8,21,1535,998",02_top_nameplate,master_previous:dragonmine_complete_ui_elements_master_bundle/06_all_chat_clean_collection/all_chat_clean_ui_elements_bundle/04_legacy_clean_elements/02_top_nameplate.png
clean,_OUR_STYLE_UI_ELEMENTS/clean/master_previous/06_all_chat_clean_collection/all_chat_clean_ui_elements_bundle/04_legacy_clean_elements/06_quests_button.png,1254,1254,"0,21,1238,1221",06_quests_button,master_previous:dragonmine_complete_ui_elements_master_bundle/06_all_chat_clean_collection/all_chat_clean_ui_elements_bundle/04_legacy_clean_elements/06_quests_button.png
clean,_OUR_STYLE_UI_ELEMENTS/clean/master_previous/06_all_chat_clean_collection/all_chat_clean_ui_elements_bundle/04_legacy_clean_elements/07_items_button.png,1254,1254,"0,21,1170,1182",07_items_button,master_previous:dragonmine_complete_ui_elements_master_bundle/06_all_chat_clean_collection/all_chat_clean_ui_elements_bundle/04_legacy_clean_elements/07_items_button.png
clean,_OUR_STYLE_UI_ELEMENTS/clean/master_previous/06_all_chat_clean_collection/all_chat_clean_ui_elements_bundle/04_legacy_clean_elements/04_character_button.png,1254,1254,"0,33,1242,1238",04_character_button,master_previous:dragonmine_complete_ui_elements_master_bundle/06_all_chat_clean_collection/all_chat_clean_ui_elements_bundle/04_legacy_clean_elements/04_character_button.png
clean,_OUR_STYLE_UI_ELEMENTS/clean/master_previous/06_all_chat_clean_collection/all_chat_clean_ui_elements_bundle/04_legacy_clean_elements/08_party_button.png,1254,1254,"0,21,1206,1214",08_party_button,master_previous:dragonmine_complete_ui_elements_master_bundle/06_all_chat_clean_collection/all_chat_clean_ui_elements_bundle/04_legacy_clean_elements/08_party_button.png
clean,_OUR_STYLE_UI_ELEMENTS/clean/master_previous/06_all_chat_clean_collection/all_chat_clean_ui_elements_bundle/04_legacy_clean_elements/09_settings_button.png,1254,1254,"0,50,1238,1238",09_settings_button,master_previous:dragonmine_complete_ui_elements_master_bundle/06_all_chat_clean_collection/all_chat_clean_ui_elements_bundle/04_legacy_clean_elements/09_settings_button.png
clean,_OUR_STYLE_UI_ELEMENTS/clean/master_previous/06_all_chat_clean_collection/all_chat_clean_ui_elements_bundle/04_legacy_clean_elements/01_information_panel.png,1024,1536,"0,0,1023,1504",01_information_panel,master_previous:dragonmine_complete_ui_elements_master_bundle/06_all_chat_clean_collection/all_chat_clean_ui_elements_bundle/04_legacy_clean_elements/01_information_panel.png
clean,_OUR_STYLE_UI_ELEMENTS/clean/master_previous/06_all_chat_clean_collection/all_chat_clean_ui_elements_bundle/04_legacy_clean_elements/03_statistics_panel.png,1024,1536,"0,55,1008,1536",03_statistics_panel,master_previous:dragonmine_complete_ui_elements_master_bundle/06_all_chat_clean_collection/all_chat_clean_ui_elements_bundle/04_legacy_clean_elements/03_statistics_panel.png
clean,_OUR_STYLE_UI_ELEMENTS/clean/master_previous/06_all_chat_clean_collection/all_chat_clean_ui_elements_bundle/03_other_menus_clean/quest_tree/02_rows_buttons/node_active.png,94,124,"0,0,94,124",node_active,master_previous:dragonmine_complete_ui_elements_master_bundle/06_all_chat_clean_collection/all_chat_clean_ui_elements_bundle/03_other_menus_clean/quest_tree/02_rows_buttons/node_active.png
clean,_OUR_STYLE_UI_ELEMENTS/clean/master_previous/06_all_chat_clean_collection/all_chat_clean_ui_elements_bundle/03_other_menus_clean/quest_tree/02_rows_buttons/node_clean.png,90,123,"0,0,90,123",node,master_previous:dragonmine_complete_ui_elements_master_bundle/06_all_chat_clean_collection/all_chat_clean_ui_elements_bundle/03_other_menus_clean/quest_tree/02_rows_buttons/node_clean.png
clean,_OUR_STYLE_UI_ELEMENTS/clean/master_previous/06_all_chat_clean_collection/all_chat_clean_ui_elements_bundle/03_other_menus_clean/quest_tree/02_rows_buttons/normal_row_clean.png,169,50,"0,0,169,50",normal_row,master_previous:dragonmine_complete_ui_elements_master_bundle/06_all_chat_clean_collection/all_chat_clean_ui_elements_bundle/03_other_menus_clean/quest_tree/02_rows_buttons/normal_row_clean.png
clean,_OUR_STYLE_UI_ELEMENTS/clean/master_previous/06_all_chat_clean_collection/all_chat_clean_ui_elements_bundle/03_other_menus_clean/quest_tree/02_rows_buttons/node_locked.png,86,122,"0,0,86,122",node_locked,master_previous:dragonmine_complete_ui_elements_master_bundle/06_all_chat_clean_collection/all_chat_clean_ui_elements_bundle/03_other_menus_clean/quest_tree/02_rows_buttons/node_locked.png
clean,_OUR_STYLE_UI_ELEMENTS/clean/master_previous/06_all_chat_clean_collection/all_chat_clean_ui_elements_bundle/03_other_menus_clean/quest_tree/02_rows_buttons/selected_row_clean.png,171,67,"0,0,171,67",selected_row,master_previous:dragonmine_complete_ui_elements_master_bundle/06_all_chat_clean_collection/all_chat_clean_ui_elements_bundle/03_other_menus_clean/quest_tree/02_rows_buttons/selected_row_clean.png
clean,_OUR_STYLE_UI_ELEMENTS/clean/master_previous/06_all_chat_clean_collection/all_chat_clean_ui_elements_bundle/03_other_menus_clean/quest_tree/01_panels/clean_map_panel.png,325,276,"0,0,325,276",map_panel,master_previous:dragonmine_complete_ui_elements_master_bundle/06_all_chat_clean_collection/all_chat_clean_ui_elements_bundle/03_other_menus_clean/quest_tree/01_panels/clean_map_panel.png
clean,_OUR_STYLE_UI_ELEMENTS/clean/master_previous/06_all_chat_clean_collection/all_chat_clean_ui_elements_bundle/03_other_menus_clean/quest_tree/01_panels/clean_left_quest_panel.png,205,422,"0,0,205,422",left_quest_panel,master_previous:dragonmine_complete_ui_elements_master_bundle/06_all_chat_clean_collection/all_chat_clean_ui_elements_bundle/03_other_menus_clean/quest_tree/01_panels/clean_left_quest_panel.png
clean,_OUR_STYLE_UI_ELEMENTS/clean/master_previous/06_all_chat_clean_collection/all_chat_clean_ui_elements_bundle/03_other_menus_clean/quest_tree/00_full_screens/clean_full_screen.png,697,500,"0,0,697,500",full_screen,master_previous:dragonmine_complete_ui_elements_master_bundle/06_all_chat_clean_collection/all_chat_clean_ui_elements_bundle/03_other_menus_clean/quest_tree/00_full_screens/clean_full_screen.png
clean,_OUR_STYLE_UI_ELEMENTS/clean/master_previous/06_all_chat_clean_collection/all_chat_clean_ui_elements_bundle/03_other_menus_clean/quest_tree/03_headers_accents/connector_line.png,256,113,"0,0,256,113",connector_line,master_previous:dragonmine_complete_ui_elements_master_bundle/06_all_chat_clean_collection/all_chat_clean_ui_elements_bundle/03_other_menus_clean/quest_tree/03_headers_accents/connector_line.png
clean,_OUR_STYLE_UI_ELEMENTS/clean/master_previous/06_all_chat_clean_collection/all_chat_clean_ui_elements_bundle/03_other_menus_clean/quest_tree/03_headers_accents/chapter_title_bar_clean.png,276,69,"0,0,276,69",chapter_title_bar,master_previous:dragonmine_complete_ui_elements_master_bundle/06_all_chat_clean_collection/all_chat_clean_ui_elements_bundle/03_other_menus_clean/quest_tree/03_headers_accents/chapter_title_bar_clean.png
clean,_OUR_STYLE_UI_ELEMENTS/clean/master_previous/06_all_chat_clean_collection/all_chat_clean_ui_elements_bundle/03_other_menus_clean/quest_tree/03_headers_accents/progress_bar_clean.png,186,48,"0,0,186,48",progress_bar,master_previous:dragonmine_complete_ui_elements_master_bundle/06_all_chat_clean_collection/all_chat_clean_ui_elements_bundle/03_other_menus_clean/quest_tree/03_headers_accents/progress_bar_clean.png
clean,_OUR_STYLE_UI_ELEMENTS/clean/master_previous/06_all_chat_clean_collection/all_chat_clean_ui_elements_bundle/03_other_menus_clean/quest_tree/03_headers_accents/difficulty_label_clean.png,146,50,"0,0,146,50",difficulty_label,master_previous:dragonmine_complete_ui_elements_master_bundle/06_all_chat_clean_collection/all_chat_clean_ui_elements_bundle/03_other_menus_clean/quest_tree/03_headers_accents/difficulty_label_clean.png
clean,_OUR_STYLE_UI_ELEMENTS/clean/master_previous/06_all_chat_clean_collection/all_chat_clean_ui_elements_bundle/03_other_menus_clean/options/02_rows_buttons/toggle_on.png,81,68,"0,0,81,68",toggle_on,master_previous:dragonmine_complete_ui_elements_master_bundle/06_all_chat_clean_collection/all_chat_clean_ui_elements_bundle/03_other_menus_clean/options/02_rows_buttons/toggle_on.png
clean,_OUR_STYLE_UI_ELEMENTS/clean/master_previous/06_all_chat_clean_collection/all_chat_clean_ui_elements_bundle/03_other_menus_clean/options/02_rows_buttons/toggle_on_clean.png,94,61,"0,0,94,61",toggle_on,master_previous:dragonmine_complete_ui_elements_master_bundle/06_all_chat_clean_collection/all_chat_clean_ui_elements_bundle/03_other_menus_clean/options/02_rows_buttons/toggle_on_clean.png
clean,_OUR_STYLE_UI_ELEMENTS/clean/master_previous/06_all_chat_clean_collection/all_chat_clean_ui_elements_bundle/03_other_menus_clean/options/02_rows_buttons/toggle_off_clean.png,93,60,"0,0,93,60",toggle_off,master_previous:dragonmine_complete_ui_elements_master_bundle/06_all_chat_clean_collection/all_chat_clean_ui_elements_bundle/03_other_menus_clean/options/02_rows_buttons/toggle_off_clean.png
clean,_OUR_STYLE_UI_ELEMENTS/clean/master_previous/06_all_chat_clean_collection/all_chat_clean_ui_elements_bundle/03_other_menus_clean/options/02_rows_buttons/option_row_clean.png,234,51,"0,0,234,51",option_row,master_previous:dragonmine_complete_ui_elements_master_bundle/06_all_chat_clean_collection/all_chat_clean_ui_elements_bundle/03_other_menus_clean/options/02_rows_buttons/option_row_clean.png
clean,_OUR_STYLE_UI_ELEMENTS/clean/master_previous/06_all_chat_clean_collection/all_chat_clean_ui_elements_bundle/03_other_menus_clean/options/02_rows_buttons/value_row_clean.png,191,49,"0,0,191,49",value_row,master_previous:dragonmine_complete_ui_elements_master_bundle/06_all_chat_clean_collection/all_chat_clean_ui_elements_bundle/03_other_menus_clean/options/02_rows_buttons/value_row_clean.png
clean,_OUR_STYLE_UI_ELEMENTS/clean/master_previous/06_all_chat_clean_collection/all_chat_clean_ui_elements_bundle/03_other_menus_clean/options/02_rows_buttons/toggle_off.png,83,67,"0,0,83,67",toggle_off,master_previous:dragonmine_complete_ui_elements_master_bundle/06_all_chat_clean_collection/all_chat_clean_ui_elements_bundle/03_other_menus_clean/options/02_rows_buttons/toggle_off.png
clean,_OUR_STYLE_UI_ELEMENTS/clean/master_previous/06_all_chat_clean_collection/all_chat_clean_ui_elements_bundle/03_other_menus_clean/options/02_rows_buttons/scroll_bar.png,118,121,"0,0,118,121",scroll_bar,master_previous:dragonmine_complete_ui_elements_master_bundle/06_all_chat_clean_collection/all_chat_clean_ui_elements_bundle/03_other_menus_clean/options/02_rows_buttons/scroll_bar.png
clean,_OUR_STYLE_UI_ELEMENTS/clean/master_previous/06_all_chat_clean_collection/all_chat_clean_ui_elements_bundle/03_other_menus_clean/options/01_panels/options_panel_clean.png,228,296,"0,0,228,296",options_panel,master_previous:dragonmine_complete_ui_elements_master_bundle/06_all_chat_clean_collection/all_chat_clean_ui_elements_bundle/03_other_menus_clean/options/01_panels/options_panel_clean.png
clean,_OUR_STYLE_UI_ELEMENTS/clean/master_previous/06_all_chat_clean_collection/all_chat_clean_ui_elements_bundle/03_other_menus_clean/options/01_panels/values_panel_clean.png,216,296,"0,0,216,296",values_panel,master_previous:dragonmine_complete_ui_elements_master_bundle/06_all_chat_clean_collection/all_chat_clean_ui_elements_bundle/03_other_menus_clean/options/01_panels/values_panel_clean.png
clean,_OUR_STYLE_UI_ELEMENTS/clean/master_previous/06_all_chat_clean_collection/all_chat_clean_ui_elements_bundle/03_other_menus_clean/options/00_full_screens/clean_full_screen.png,690,480,"0,0,690,480",full_screen,master_previous:dragonmine_complete_ui_elements_master_bundle/06_all_chat_clean_collection/all_chat_clean_ui_elements_bundle/03_other_menus_clean/options/00_full_screens/clean_full_screen.png
clean,_OUR_STYLE_UI_ELEMENTS/clean/master_previous/06_all_chat_clean_collection/all_chat_clean_ui_elements_bundle/03_other_menus_clean/options/03_headers_accents/dividers_accents.png,525,123,"0,0,525,123",dividers_accents,master_previous:dragonmine_complete_ui_elements_master_bundle/06_all_chat_clean_collection/all_chat_clean_ui_elements_bundle/03_other_menus_clean/options/03_headers_accents/dividers_accents.png
clean,_OUR_STYLE_UI_ELEMENTS/clean/master_previous/06_all_chat_clean_collection/all_chat_clean_ui_elements_bundle/03_other_menus_clean/options/03_headers_accents/background_honeycomb.png,77,122,"0,0,77,122",background_honeycomb,master_previous:dragonmine_complete_ui_elements_master_bundle/06_all_chat_clean_collection/all_chat_clean_ui_elements_bundle/03_other_menus_clean/options/03_headers_accents/background_honeycomb.png
clean,_OUR_STYLE_UI_ELEMENTS/clean/master_previous/06_all_chat_clean_collection/all_chat_clean_ui_elements_bundle/03_other_menus_clean/options/03_headers_accents/background_ring.png,117,122,"0,0,117,122",background_ring,master_previous:dragonmine_complete_ui_elements_master_bundle/06_all_chat_clean_collection/all_chat_clean_ui_elements_bundle/03_other_menus_clean/options/03_headers_accents/background_ring.png
clean,_OUR_STYLE_UI_ELEMENTS/clean/master_previous/06_all_chat_clean_collection/all_chat_clean_ui_elements_bundle/03_other_menus_clean/options/03_headers_accents/icon_stripes.png,65,69,"0,0,65,69",icon_stripes,master_previous:dragonmine_complete_ui_elements_master_bundle/06_all_chat_clean_collection/all_chat_clean_ui_elements_bundle/03_other_menus_clean/options/03_headers_accents/icon_stripes.png
clean,_OUR_STYLE_UI_ELEMENTS/clean/master_previous/06_all_chat_clean_collection/all_chat_clean_ui_elements_bundle/03_other_menus_clean/options/03_headers_accents/corner_pieces.png,131,124,"0,0,131,124",corner_pieces,master_previous:dragonmine_complete_ui_elements_master_bundle/06_all_chat_clean_collection/all_chat_clean_ui_elements_bundle/03_other_menus_clean/options/03_headers_accents/corner_pieces.png
clean,_OUR_STYLE_UI_ELEMENTS/clean/master_previous/06_all_chat_clean_collection/all_chat_clean_ui_elements_bundle/03_other_menus_clean/options/03_headers_accents/header_bar_clean.png,221,87,"0,0,221,87",header_bar,master_previous:dragonmine_complete_ui_elements_master_bundle/06_all_chat_clean_collection/all_chat_clean_ui_elements_bundle/03_other_menus_clean/options/03_headers_accents/header_bar_clean.png
clean,_OUR_STYLE_UI_ELEMENTS/clean/master_previous/06_all_chat_clean_collection/all_chat_clean_ui_elements_bundle/03_other_menus_clean/options/03_headers_accents/icon_kanji.png,114,123,"0,0,114,123",icon_kanji,master_previous:dragonmine_complete_ui_elements_master_bundle/06_all_chat_clean_collection/all_chat_clean_ui_elements_bundle/03_other_menus_clean/options/03_headers_accents/icon_kanji.png
clean,_OUR_STYLE_UI_ELEMENTS/clean/master_previous/06_all_chat_clean_collection/all_chat_clean_ui_elements_bundle/03_other_menus_clean/skills_information/02_rows_buttons/tab_button_selected.png,87,97,"0,0,87,97",tab_button_selected,master_previous:dragonmine_complete_ui_elements_master_bundle/06_all_chat_clean_collection/all_chat_clean_ui_elements_bundle/03_other_menus_clean/skills_information/02_rows_buttons/tab_button_selected.png
clean,_OUR_STYLE_UI_ELEMENTS/clean/master_previous/06_all_chat_clean_collection/all_chat_clean_ui_elements_bundle/03_other_menus_clean/skills_information/02_rows_buttons/tab_button_clean.png,80,92,"0,0,80,92",tab_button,master_previous:dragonmine_complete_ui_elements_master_bundle/06_all_chat_clean_collection/all_chat_clean_ui_elements_bundle/03_other_menus_clean/skills_information/02_rows_buttons/tab_button_clean.png
clean,_OUR_STYLE_UI_ELEMENTS/clean/master_previous/06_all_chat_clean_collection/all_chat_clean_ui_elements_bundle/03_other_menus_clean/skills_information/02_rows_buttons/selected_skill_row.png,287,61,"0,0,287,61",selected_skill_row,master_previous:dragonmine_complete_ui_elements_master_bundle/06_all_chat_clean_collection/all_chat_clean_ui_elements_bundle/03_other_menus_clean/skills_information/02_rows_buttons/selected_skill_row.png
clean,_OUR_STYLE_UI_ELEMENTS/clean/master_previous/06_all_chat_clean_collection/all_chat_clean_ui_elements_bundle/03_other_menus_clean/skills_information/02_rows_buttons/scroll_down.png,77,83,"0,0,77,83",scroll_down,master_previous:dragonmine_complete_ui_elements_master_bundle/06_all_chat_clean_collection/all_chat_clean_ui_elements_bundle/03_other_menus_clean/skills_information/02_rows_buttons/scroll_down.png
clean,_OUR_STYLE_UI_ELEMENTS/clean/master_previous/06_all_chat_clean_collection/all_chat_clean_ui_elements_bundle/03_other_menus_clean/skills_information/02_rows_buttons/clean_skill_row.png,281,59,"0,0,281,59",skill_row,master_previous:dragonmine_complete_ui_elements_master_bundle/06_all_chat_clean_collection/all_chat_clean_ui_elements_bundle/03_other_menus_clean/skills_information/02_rows_buttons/clean_skill_row.png
clean,_OUR_STYLE_UI_ELEMENTS/clean/master_previous/06_all_chat_clean_collection/all_chat_clean_ui_elements_bundle/03_other_menus_clean/skills_information/02_rows_buttons/scroll_up.png,77,82,"0,0,77,82",scroll_up,master_previous:dragonmine_complete_ui_elements_master_bundle/06_all_chat_clean_collection/all_chat_clean_ui_elements_bundle/03_other_menus_clean/skills_information/02_rows_buttons/scroll_up.png
clean,_OUR_STYLE_UI_ELEMENTS/clean/master_previous/06_all_chat_clean_collection/all_chat_clean_ui_elements_bundle/03_other_menus_clean/skills_information/01_panels/clean_detail_panel.png,222,150,"0,0,222,150",detail_panel,master_previous:dragonmine_complete_ui_elements_master_bundle/06_all_chat_clean_collection/all_chat_clean_ui_elements_bundle/03_other_menus_clean/skills_information/01_panels/clean_detail_panel.png
clean,_OUR_STYLE_UI_ELEMENTS/clean/master_previous/06_all_chat_clean_collection/all_chat_clean_ui_elements_bundle/03_other_menus_clean/skills_information/01_panels/clean_left_panel.png,240,292,"0,0,240,292",left_panel,master_previous:dragonmine_complete_ui_elements_master_bundle/06_all_chat_clean_collection/all_chat_clean_ui_elements_bundle/03_other_menus_clean/skills_information/01_panels/clean_left_panel.png
clean,_OUR_STYLE_UI_ELEMENTS/clean/master_previous/06_all_chat_clean_collection/all_chat_clean_ui_elements_bundle/03_other_menus_clean/skills_information/01_panels/clean_bottom_strip.png,270,90,"0,0,270,90",bottom_strip,master_previous:dragonmine_complete_ui_elements_master_bundle/06_all_chat_clean_collection/all_chat_clean_ui_elements_bundle/03_other_menus_clean/skills_information/01_panels/clean_bottom_strip.png
clean,_OUR_STYLE_UI_ELEMENTS/clean/master_previous/06_all_chat_clean_collection/all_chat_clean_ui_elements_bundle/03_other_menus_clean/skills_information/00_full_screens/clean_full_screen.png,701,492,"0,0,701,492",full_screen,master_previous:dragonmine_complete_ui_elements_master_bundle/06_all_chat_clean_collection/all_chat_clean_ui_elements_bundle/03_other_menus_clean/skills_information/00_full_screens/clean_full_screen.png
clean,_OUR_STYLE_UI_ELEMENTS/clean/master_previous/06_all_chat_clean_collection/all_chat_clean_ui_elements_bundle/03_other_menus_clean/skills_information/03_headers_accents/accent_corner_frame.png,97,136,"0,0,97,136",accent_corner_frame,master_previous:dragonmine_complete_ui_elements_master_bundle/06_all_chat_clean_collection/all_chat_clean_ui_elements_bundle/03_other_menus_clean/skills_information/03_headers_accents/accent_corner_frame.png
clean,_OUR_STYLE_UI_ELEMENTS/clean/master_previous/06_all_chat_clean_collection/all_chat_clean_ui_elements_bundle/03_other_menus_clean/skills_information/03_headers_accents/accent_orange_divider.png,142,44,"0,0,142,44",accent_orange_divider,master_previous:dragonmine_complete_ui_elements_master_bundle/06_all_chat_clean_collection/all_chat_clean_ui_elements_bundle/03_other_menus_clean/skills_information/03_headers_accents/accent_orange_divider.png
clean,_OUR_STYLE_UI_ELEMENTS/clean/master_previous/06_all_chat_clean_collection/all_chat_clean_ui_elements_bundle/03_other_menus_clean/skills_information/03_headers_accents/accent_honeycomb.png,67,81,"0,0,67,81",accent_honeycomb,master_previous:dragonmine_complete_ui_elements_master_bundle/06_all_chat_clean_collection/all_chat_clean_ui_elements_bundle/03_other_menus_clean/skills_information/03_headers_accents/accent_honeycomb.png
clean,_OUR_STYLE_UI_ELEMENTS/clean/master_previous/06_all_chat_clean_collection/all_chat_clean_ui_elements_bundle/03_other_menus_clean/skills_information/03_headers_accents/accent_blue_divider.png,133,63,"0,0,133,63",accent_blue_divider,master_previous:dragonmine_complete_ui_elements_master_bundle/06_all_chat_clean_collection/all_chat_clean_ui_elements_bundle/03_other_menus_clean/skills_information/03_headers_accents/accent_blue_divider.png
clean,_OUR_STYLE_UI_ELEMENTS/clean/master_previous/06_all_chat_clean_collection/all_chat_clean_ui_elements_bundle/03_other_menus_clean/skills_information/03_headers_accents/clean_top_information_panel.png,282,106,"0,0,282,106",top_information_panel,master_previous:dragonmine_complete_ui_elements_master_bundle/06_all_chat_clean_collection/all_chat_clean_ui_elements_bundle/03_other_menus_clean/skills_information/03_headers_accents/clean_top_information_panel.png
clean,_OUR_STYLE_UI_ELEMENTS/clean/master_previous/06_all_chat_clean_collection/all_chat_clean_ui_elements_bundle/03_other_menus_clean/server_menu/02_rows_buttons/clean_list_row.png,151,57,"0,0,151,57",list_row,master_previous:dragonmine_complete_ui_elements_master_bundle/06_all_chat_clean_collection/all_chat_clean_ui_elements_bundle/03_other_menus_clean/server_menu/02_rows_buttons/clean_list_row.png
clean,_OUR_STYLE_UI_ELEMENTS/clean/master_previous/06_all_chat_clean_collection/all_chat_clean_ui_elements_bundle/03_other_menus_clean/server_menu/02_rows_buttons/right_arrow.png,82,94,"0,0,82,94",right_arrow,master_previous:dragonmine_complete_ui_elements_master_bundle/06_all_chat_clean_collection/all_chat_clean_ui_elements_bundle/03_other_menus_clean/server_menu/02_rows_buttons/right_arrow.png
clean,_OUR_STYLE_UI_ELEMENTS/clean/master_previous/06_all_chat_clean_collection/all_chat_clean_ui_elements_bundle/03_other_menus_clean/server_menu/02_rows_buttons/left_arrow.png,85,94,"0,0,85,94",left_arrow,master_previous:dragonmine_complete_ui_elements_master_bundle/06_all_chat_clean_collection/all_chat_clean_ui_elements_bundle/03_other_menus_clean/server_menu/02_rows_buttons/left_arrow.png
clean,_OUR_STYLE_UI_ELEMENTS/clean/master_previous/06_all_chat_clean_collection/all_chat_clean_ui_elements_bundle/03_other_menus_clean/server_menu/02_rows_buttons/clean_stats_button.png,188,74,"0,0,188,74",stats_button,master_previous:dragonmine_complete_ui_elements_master_bundle/06_all_chat_clean_collection/all_chat_clean_ui_elements_bundle/03_other_menus_clean/server_menu/02_rows_buttons/clean_stats_button.png
clean,_OUR_STYLE_UI_ELEMENTS/clean/master_previous/06_all_chat_clean_collection/all_chat_clean_ui_elements_bundle/03_other_menus_clean/server_menu/01_panels/clean_left_panel.png,203,419,"0,0,203,419",left_panel,master_previous:dragonmine_complete_ui_elements_master_bundle/06_all_chat_clean_collection/all_chat_clean_ui_elements_bundle/03_other_menus_clean/server_menu/01_panels/clean_left_panel.png
clean,_OUR_STYLE_UI_ELEMENTS/clean/master_previous/06_all_chat_clean_collection/all_chat_clean_ui_elements_bundle/03_other_menus_clean/server_menu/01_panels/clean_right_panel.png,190,422,"0,0,190,422",right_panel,master_previous:dragonmine_complete_ui_elements_master_bundle/06_all_chat_clean_collection/all_chat_clean_ui_elements_bundle/03_other_menus_clean/server_menu/01_panels/clean_right_panel.png
clean,_OUR_STYLE_UI_ELEMENTS/clean/master_previous/06_all_chat_clean_collection/all_chat_clean_ui_elements_bundle/03_other_menus_clean/server_menu/00_full_screens/clean_full_screen.png,700,480,"0,0,700,480",full_screen,master_previous:dragonmine_complete_ui_elements_master_bundle/06_all_chat_clean_collection/all_chat_clean_ui_elements_bundle/03_other_menus_clean/server_menu/00_full_screens/clean_full_screen.png
clean,_OUR_STYLE_UI_ELEMENTS/clean/master_previous/06_all_chat_clean_collection/all_chat_clean_ui_elements_bundle/03_other_menus_clean/server_menu/03_headers_accents/accent_corner_blue_frame.png,153,111,"0,0,153,111",accent_corner_blue_frame,master_previous:dragonmine_complete_ui_elements_master_bundle/06_all_chat_clean_collection/all_chat_clean_ui_elements_bundle/03_other_menus_clean/server_menu/03_headers_accents/accent_corner_blue_frame.png
clean,_OUR_STYLE_UI_ELEMENTS/clean/master_previous/06_all_chat_clean_collection/all_chat_clean_ui_elements_bundle/03_other_menus_clean/server_menu/03_headers_accents/accent_corner_orange.png,86,68,"0,0,86,68",accent_corner_orange,master_previous:dragonmine_complete_ui_elements_master_bundle/06_all_chat_clean_collection/all_chat_clean_ui_elements_bundle/03_other_menus_clean/server_menu/03_headers_accents/accent_corner_orange.png
clean,_OUR_STYLE_UI_ELEMENTS/clean/master_previous/06_all_chat_clean_collection/all_chat_clean_ui_elements_bundle/03_other_menus_clean/server_menu/03_headers_accents/accent_long_divider.png,234,47,"0,0,234,47",accent_long_divider,master_previous:dragonmine_complete_ui_elements_master_bundle/06_all_chat_clean_collection/all_chat_clean_ui_elements_bundle/03_other_menus_clean/server_menu/03_headers_accents/accent_long_divider.png
clean,_OUR_STYLE_UI_ELEMENTS/clean/master_previous/06_all_chat_clean_collection/all_chat_clean_ui_elements_bundle/03_other_menus_clean/server_menu/03_headers_accents/clean_header_bar.png,324,113,"0,0,324,113",header_bar,master_previous:dragonmine_complete_ui_elements_master_bundle/06_all_chat_clean_collection/all_chat_clean_ui_elements_bundle/03_other_menus_clean/server_menu/03_headers_accents/clean_header_bar.png
clean,_OUR_STYLE_UI_ELEMENTS/clean/master_previous/06_all_chat_clean_collection/all_chat_clean_ui_elements_bundle/03_other_menus_clean/minigames/02_rows_buttons/scrollbar.png,53,127,"0,0,53,127",scrollbar,master_previous:dragonmine_complete_ui_elements_master_bundle/06_all_chat_clean_collection/all_chat_clean_ui_elements_bundle/03_other_menus_clean/minigames/02_rows_buttons/scrollbar.png
clean,_OUR_STYLE_UI_ELEMENTS/clean/master_previous/06_all_chat_clean_collection/all_chat_clean_ui_elements_bundle/03_other_menus_clean/minigames/02_rows_buttons/normal_row_clean.png,291,61,"0,0,291,61",normal_row,master_previous:dragonmine_complete_ui_elements_master_bundle/06_all_chat_clean_collection/all_chat_clean_ui_elements_bundle/03_other_menus_clean/minigames/02_rows_buttons/normal_row_clean.png
clean,_OUR_STYLE_UI_ELEMENTS/clean/master_previous/06_all_chat_clean_collection/all_chat_clean_ui_elements_bundle/03_other_menus_clean/minigames/02_rows_buttons/start_button_clean.png,202,50,"0,0,202,50",start_button,master_previous:dragonmine_complete_ui_elements_master_bundle/06_all_chat_clean_collection/all_chat_clean_ui_elements_bundle/03_other_menus_clean/minigames/02_rows_buttons/start_button_clean.png
clean,_OUR_STYLE_UI_ELEMENTS/clean/master_previous/06_all_chat_clean_collection/all_chat_clean_ui_elements_bundle/03_other_menus_clean/minigames/02_rows_buttons/selected_row_clean.png,293,67,"0,0,293,67",selected_row,master_previous:dragonmine_complete_ui_elements_master_bundle/06_all_chat_clean_collection/all_chat_clean_ui_elements_bundle/03_other_menus_clean/minigames/02_rows_buttons/selected_row_clean.png
clean,_OUR_STYLE_UI_ELEMENTS/clean/master_previous/06_all_chat_clean_collection/all_chat_clean_ui_elements_bundle/03_other_menus_clean/minigames/02_rows_buttons/arrow_up_down.png,50,114,"0,0,50,114",arrow_up_down,master_previous:dragonmine_complete_ui_elements_master_bundle/06_all_chat_clean_collection/all_chat_clean_ui_elements_bundle/03_other_menus_clean/minigames/02_rows_buttons/arrow_up_down.png
clean,_OUR_STYLE_UI_ELEMENTS/clean/master_previous/06_all_chat_clean_collection/all_chat_clean_ui_elements_bundle/03_other_menus_clean/minigames/01_panels/clean_list_panel.png,197,302,"0,0,197,302",list_panel,master_previous:dragonmine_complete_ui_elements_master_bundle/06_all_chat_clean_collection/all_chat_clean_ui_elements_bundle/03_other_menus_clean/minigames/01_panels/clean_list_panel.png
clean,_OUR_STYLE_UI_ELEMENTS/clean/master_previous/06_all_chat_clean_collection/all_chat_clean_ui_elements_bundle/03_other_menus_clean/minigames/01_panels/clean_detail_panel.png,297,296,"0,0,297,296",detail_panel,master_previous:dragonmine_complete_ui_elements_master_bundle/06_all_chat_clean_collection/all_chat_clean_ui_elements_bundle/03_other_menus_clean/minigames/01_panels/clean_detail_panel.png
clean,_OUR_STYLE_UI_ELEMENTS/clean/master_previous/06_all_chat_clean_collection/all_chat_clean_ui_elements_bundle/03_other_menus_clean/minigames/01_panels/body_text_panel_clean.png,215,88,"0,0,215,88",body_text_panel,master_previous:dragonmine_complete_ui_elements_master_bundle/06_all_chat_clean_collection/all_chat_clean_ui_elements_bundle/03_other_menus_clean/minigames/01_panels/body_text_panel_clean.png
clean,_OUR_STYLE_UI_ELEMENTS/clean/master_previous/06_all_chat_clean_collection/all_chat_clean_ui_elements_bundle/03_other_menus_clean/minigames/00_full_screens/clean_full_screen.png,703,492,"0,0,703,492",full_screen,master_previous:dragonmine_complete_ui_elements_master_bundle/06_all_chat_clean_collection/all_chat_clean_ui_elements_bundle/03_other_menus_clean/minigames/00_full_screens/clean_full_screen.png
clean,_OUR_STYLE_UI_ELEMENTS/clean/master_previous/06_all_chat_clean_collection/all_chat_clean_ui_elements_bundle/03_other_menus_clean/minigames/03_headers_accents/icon_target.png,52,47,"0,0,52,47",icon_target,master_previous:dragonmine_complete_ui_elements_master_bundle/06_all_chat_clean_collection/all_chat_clean_ui_elements_bundle/03_other_menus_clean/minigames/03_headers_accents/icon_target.png
clean,_OUR_STYLE_UI_ELEMENTS/clean/master_previous/06_all_chat_clean_collection/all_chat_clean_ui_elements_bundle/03_other_menus_clean/minigames/03_headers_accents/icon_fist.png,37,49,"0,0,37,49",icon_fist,master_previous:dragonmine_complete_ui_elements_master_bundle/06_all_chat_clean_collection/all_chat_clean_ui_elements_bundle/03_other_menus_clean/minigames/03_headers_accents/icon_fist.png
clean,_OUR_STYLE_UI_ELEMENTS/clean/master_previous/06_all_chat_clean_collection/all_chat_clean_ui_elements_bundle/03_other_menus_clean/minigames/03_headers_accents/icon_controller.png,36,47,"0,0,36,47",icon_controller,master_previous:dragonmine_complete_ui_elements_master_bundle/06_all_chat_clean_collection/all_chat_clean_ui_elements_bundle/03_other_menus_clean/minigames/03_headers_accents/icon_controller.png
clean,_OUR_STYLE_UI_ELEMENTS/clean/master_previous/06_all_chat_clean_collection/all_chat_clean_ui_elements_bundle/03_other_menus_clean/minigames/03_headers_accents/icon_shadow.png,37,48,"0,0,37,48",icon_shadow,master_previous:dragonmine_complete_ui_elements_master_bundle/06_all_chat_clean_collection/all_chat_clean_ui_elements_bundle/03_other_menus_clean/minigames/03_headers_accents/icon_shadow.png
clean,_OUR_STYLE_UI_ELEMENTS/clean/master_previous/06_all_chat_clean_collection/all_chat_clean_ui_elements_bundle/03_other_menus_clean/minigames/03_headers_accents/icon_gravity.png,52,48,"0,0,52,48",icon_gravity,master_previous:dragonmine_complete_ui_elements_master_bundle/06_all_chat_clean_collection/all_chat_clean_ui_elements_bundle/03_other_menus_clean/minigames/03_headers_accents/icon_gravity.png
clean,_OUR_STYLE_UI_ELEMENTS/clean/master_previous/06_all_chat_clean_collection/all_chat_clean_ui_elements_bundle/03_other_menus_clean/minigames/03_headers_accents/title_bar_clean.png,204,91,"0,0,204,91",title_bar,master_previous:dragonmine_complete_ui_elements_master_bundle/06_all_chat_clean_collection/all_chat_clean_ui_elements_bundle/03_other_menus_clean/minigames/03_headers_accents/title_bar_clean.png
clean,_OUR_STYLE_UI_ELEMENTS/clean/master_previous/06_all_chat_clean_collection/all_chat_clean_ui_elements_bundle/03_other_menus_clean/minigames/03_headers_accents/icon_music.png,52,47,"0,0,52,47",icon_music,master_previous:dragonmine_complete_ui_elements_master_bundle/06_all_chat_clean_collection/all_chat_clean_ui_elements_bundle/03_other_menus_clean/minigames/03_headers_accents/icon_music.png
clean,_OUR_STYLE_UI_ELEMENTS/clean/master_previous/06_all_chat_clean_collection/all_chat_clean_ui_elements_bundle/01_xenoverse_party_hud_clean/buttons/blank_button_style_01.png,1536,1024,"18,32,1517,982",button_style_01,master_previous:dragonmine_complete_ui_elements_master_bundle/06_all_chat_clean_collection/all_chat_clean_ui_elements_bundle/01_xenoverse_party_hud_clean/buttons/blank_button_style_01.png
clean,_OUR_STYLE_UI_ELEMENTS/clean/master_previous/06_all_chat_clean_collection/all_chat_clean_ui_elements_bundle/01_xenoverse_party_hud_clean/buttons/blank_button_style_03.png,1536,1024,"9,35,1536,952",button_style_03,master_previous:dragonmine_complete_ui_elements_master_bundle/06_all_chat_clean_collection/all_chat_clean_ui_elements_bundle/01_xenoverse_party_hud_clean/buttons/blank_button_style_03.png
clean,_OUR_STYLE_UI_ELEMENTS/clean/master_previous/06_all_chat_clean_collection/all_chat_clean_ui_elements_bundle/01_xenoverse_party_hud_clean/buttons/blank_button_style_02.png,1536,1024,"0,35,1536,982",button_style_02,master_previous:dragonmine_complete_ui_elements_master_bundle/06_all_chat_clean_collection/all_chat_clean_ui_elements_bundle/01_xenoverse_party_hud_clean/buttons/blank_button_style_02.png
clean,_OUR_STYLE_UI_ELEMENTS/clean/master_previous/06_all_chat_clean_collection/all_chat_clean_ui_elements_bundle/01_xenoverse_party_hud_clean/core_elements/32_arrow_orange.png,115,140,"0,0,115,139",32_arrow_orange,master_previous:dragonmine_complete_ui_elements_master_bundle/06_all_chat_clean_collection/all_chat_clean_ui_elements_bundle/01_xenoverse_party_hud_clean/core_elements/32_arrow_orange.png
clean,_OUR_STYLE_UI_ELEMENTS/clean/master_previous/06_all_chat_clean_collection/all_chat_clean_ui_elements_bundle/01_xenoverse_party_hud_clean/core_elements/31_p2_badge.png,190,165,"0,0,190,165",31_p2_badge,master_previous:dragonmine_complete_ui_elements_master_bundle/06_all_chat_clean_collection/all_chat_clean_ui_elements_bundle/01_xenoverse_party_hud_clean/core_elements/31_p2_badge.png
clean,_OUR_STYLE_UI_ELEMENTS/clean/master_previous/06_all_chat_clean_collection/all_chat_clean_ui_elements_bundle/01_xenoverse_party_hud_clean/core_elements/28_empty_plate_orange.png,355,100,"0,0,355,100",28_empty_plate_orange,master_previous:dragonmine_complete_ui_elements_master_bundle/06_all_chat_clean_collection/all_chat_clean_ui_elements_bundle/01_xenoverse_party_hud_clean/core_elements/28_empty_plate_orange.png
clean,_OUR_STYLE_UI_ELEMENTS/clean/master_previous/06_all_chat_clean_collection/all_chat_clean_ui_elements_bundle/01_xenoverse_party_hud_clean/core_elements/35_energy_streak_blue.png,76,214,"0,0,70,214",35_energy_streak_blue,master_previous:dragonmine_complete_ui_elements_master_bundle/06_all_chat_clean_collection/all_chat_clean_ui_elements_bundle/01_xenoverse_party_hud_clean/core_elements/35_energy_streak_blue.png
clean,_OUR_STYLE_UI_ELEMENTS/clean/master_previous/06_all_chat_clean_collection/all_chat_clean_ui_elements_bundle/01_xenoverse_party_hud_clean/core_elements/09_ki_segment_bar.png,487,75,"6,0,487,75",09_ki_segment_bar,master_previous:dragonmine_complete_ui_elements_master_bundle/06_all_chat_clean_collection/all_chat_clean_ui_elements_bundle/01_xenoverse_party_hud_clean/core_elements/09_ki_segment_bar.png
clean,_OUR_STYLE_UI_ELEMENTS/clean/master_previous/06_all_chat_clean_collection/all_chat_clean_ui_elements_bundle/01_xenoverse_party_hud_clean/core_elements/26_corner_chevron_orange.png,190,143,"0,0,190,137",26_corner_chevron_orange,master_previous:dragonmine_complete_ui_elements_master_bundle/06_all_chat_clean_collection/all_chat_clean_ui_elements_bundle/01_xenoverse_party_hud_clean/core_elements/26_corner_chevron_orange.png
clean,_OUR_STYLE_UI_ELEMENTS/clean/master_previous/06_all_chat_clean_collection/all_chat_clean_ui_elements_bundle/01_xenoverse_party_hud_clean/core_elements/03_player1_nameplate_frame.png,745,140,"0,0,742,140",03_player1_nameplate_frame,master_previous:dragonmine_complete_ui_elements_master_bundle/06_all_chat_clean_collection/all_chat_clean_ui_elements_bundle/01_xenoverse_party_hud_clean/core_elements/03_player1_nameplate_frame.png
clean,_OUR_STYLE_UI_ELEMENTS/clean/master_previous/06_all_chat_clean_collection/all_chat_clean_ui_elements_bundle/01_xenoverse_party_hud_clean/core_elements/34_energy_streak_orange.png,85,139,"0,0,85,139",34_energy_streak_orange,master_previous:dragonmine_complete_ui_elements_master_bundle/06_all_chat_clean_collection/all_chat_clean_ui_elements_bundle/01_xenoverse_party_hud_clean/core_elements/34_energy_streak_orange.png
clean,_OUR_STYLE_UI_ELEMENTS/clean/master_previous/06_all_chat_clean_collection/all_chat_clean_ui_elements_bundle/01_xenoverse_party_hud_clean/core_elements/25_corner_bracket_blue.png,190,175,"0,0,190,175",25_corner_bracket_blue,master_previous:dragonmine_complete_ui_elements_master_bundle/06_all_chat_clean_collection/all_chat_clean_ui_elements_bundle/01_xenoverse_party_hud_clean/core_elements/25_corner_bracket_blue.png
clean,_OUR_STYLE_UI_ELEMENTS/clean/master_previous/06_all_chat_clean_collection/all_chat_clean_ui_elements_bundle/01_xenoverse_party_hud_clean/core_elements/21_portrait_ring_p2.png,250,235,"0,0,250,235",21_portrait_ring_p2,master_previous:dragonmine_complete_ui_elements_master_bundle/06_all_chat_clean_collection/all_chat_clean_ui_elements_bundle/01_xenoverse_party_hud_clean/core_elements/21_portrait_ring_p2.png
clean,_OUR_STYLE_UI_ELEMENTS/clean/master_previous/06_all_chat_clean_collection/all_chat_clean_ui_elements_bundle/01_xenoverse_party_hud_clean/core_elements/27_empty_plate_blue.png,350,95,"0,0,350,95",27_empty_plate_blue,master_previous:dragonmine_complete_ui_elements_master_bundle/06_all_chat_clean_collection/all_chat_clean_ui_elements_bundle/01_xenoverse_party_hud_clean/core_elements/27_empty_plate_blue.png
clean,_OUR_STYLE_UI_ELEMENTS/clean/master_previous/06_all_chat_clean_collection/all_chat_clean_ui_elements_bundle/01_xenoverse_party_hud_clean/core_elements/17_ability_icon_blue.png,140,153,"0,6,140,153",17_ability_icon_blue,master_previous:dragonmine_complete_ui_elements_master_bundle/06_all_chat_clean_collection/all_chat_clean_ui_elements_bundle/01_xenoverse_party_hud_clean/core_elements/17_ability_icon_blue.png
clean,_OUR_STYLE_UI_ELEMENTS/clean/master_previous/06_all_chat_clean_collection/all_chat_clean_ui_elements_bundle/01_xenoverse_party_hud_clean/core_elements/18_ability_icon_green.png,140,150,"0,6,140,150",18_ability_icon_green,master_previous:dragonmine_complete_ui_elements_master_bundle/06_all_chat_clean_collection/all_chat_clean_ui_elements_bundle/01_xenoverse_party_hud_clean/core_elements/18_ability_icon_green.png
clean,_OUR_STYLE_UI_ELEMENTS/clean/master_previous/06_all_chat_clean_collection/all_chat_clean_ui_elements_bundle/01_xenoverse_party_hud_clean/core_elements/30_p1_badge.png,190,170,"0,0,190,170",30_p1_badge,master_previous:dragonmine_complete_ui_elements_master_bundle/06_all_chat_clean_collection/all_chat_clean_ui_elements_bundle/01_xenoverse_party_hud_clean/core_elements/30_p1_badge.png
clean,_OUR_STYLE_UI_ELEMENTS/clean/master_previous/06_all_chat_clean_collection/all_chat_clean_ui_elements_bundle/01_xenoverse_party_hud_clean/core_elements/16_ability_icon_purple.png,135,155,"0,0,135,155",16_ability_icon_purple,master_previous:dragonmine_complete_ui_elements_master_bundle/06_all_chat_clean_collection/all_chat_clean_ui_elements_bundle/01_xenoverse_party_hud_clean/core_elements/16_ability_icon_purple.png
clean,_OUR_STYLE_UI_ELEMENTS/clean/master_previous/06_all_chat_clean_collection/all_chat_clean_ui_elements_bundle/01_xenoverse_party_hud_clean/core_elements/22_energy_orb_orange.png,240,225,"0,0,240,225",22_energy_orb_orange,master_previous:dragonmine_complete_ui_elements_master_bundle/06_all_chat_clean_collection/all_chat_clean_ui_elements_bundle/01_xenoverse_party_hud_clean/core_elements/22_energy_orb_orange.png
clean,_OUR_STYLE_UI_ELEMENTS/clean/master_previous/06_all_chat_clean_collection/all_chat_clean_ui_elements_bundle/01_xenoverse_party_hud_clean/core_elements/19_ability_icon_orange.png,145,155,"0,3,143,154",19_ability_icon_orange,master_previous:dragonmine_complete_ui_elements_master_bundle/06_all_chat_clean_collection/all_chat_clean_ui_elements_bundle/01_xenoverse_party_hud_clean/core_elements/19_ability_icon_orange.png
clean,_OUR_STYLE_UI_ELEMENTS/clean/master_previous/06_all_chat_clean_collection/all_chat_clean_ui_elements_bundle/01_xenoverse_party_hud_clean/core_elements/10_stm_segment_bar.png,465,75,"6,0,459,75",10_stm_segment_bar,master_previous:dragonmine_complete_ui_elements_master_bundle/06_all_chat_clean_collection/all_chat_clean_ui_elements_bundle/01_xenoverse_party_hud_clean/core_elements/10_stm_segment_bar.png
clean,_OUR_STYLE_UI_ELEMENTS/clean/master_previous/06_all_chat_clean_collection/all_chat_clean_ui_elements_bundle/01_xenoverse_party_hud_clean/core_elements/08_hp_fill_bar.png,501,75,"6,0,495,75",08_hp_fill_bar,master_previous:dragonmine_complete_ui_elements_master_bundle/06_all_chat_clean_collection/all_chat_clean_ui_elements_bundle/01_xenoverse_party_hud_clean/core_elements/08_hp_fill_bar.png
clean,_OUR_STYLE_UI_ELEMENTS/clean/master_previous/06_all_chat_clean_collection/all_chat_clean_ui_elements_bundle/01_xenoverse_party_hud_clean/core_elements/04_player2_nameplate_frame.png,745,140,"0,0,745,140",04_player2_nameplate_frame,master_previous:dragonmine_complete_ui_elements_master_bundle/06_all_chat_clean_collection/all_chat_clean_ui_elements_bundle/01_xenoverse_party_hud_clean/core_elements/04_player2_nameplate_frame.png
clean,_OUR_STYLE_UI_ELEMENTS/clean/master_previous/06_all_chat_clean_collection/all_chat_clean_ui_elements_bundle/01_xenoverse_party_hud_clean/core_elements/23_energy_orb_blue.png,246,240,"0,0,246,240",23_energy_orb_blue,master_previous:dragonmine_complete_ui_elements_master_bundle/06_all_chat_clean_collection/all_chat_clean_ui_elements_bundle/01_xenoverse_party_hud_clean/core_elements/23_energy_orb_blue.png
clean,_OUR_STYLE_UI_ELEMENTS/clean/master_previous/06_all_chat_clean_collection/all_chat_clean_ui_elements_bundle/01_xenoverse_party_hud_clean/core_elements/20_portrait_ring_p1.png,250,235,"0,0,250,235",20_portrait_ring_p1,master_previous:dragonmine_complete_ui_elements_master_bundle/06_all_chat_clean_collection/all_chat_clean_ui_elements_bundle/01_xenoverse_party_hud_clean/core_elements/20_portrait_ring_p1.png
clean,_OUR_STYLE_UI_ELEMENTS/clean/master_previous/06_all_chat_clean_collection/all_chat_clean_ui_elements_bundle/01_xenoverse_party_hud_clean/core_elements/33_arrow_blue.png,110,120,"0,0,110,120",33_arrow_blue,master_previous:dragonmine_complete_ui_elements_master_bundle/06_all_chat_clean_collection/all_chat_clean_ui_elements_bundle/01_xenoverse_party_hud_clean/core_elements/33_arrow_blue.png
clean,_OUR_STYLE_UI_ELEMENTS/clean/master_previous/06_all_chat_clean_collection/all_chat_clean_ui_elements_bundle/01_xenoverse_party_hud_clean/core_elements/24_corner_bracket_orange.png,230,180,"0,0,230,178",24_corner_bracket_orange,master_previous:dragonmine_complete_ui_elements_master_bundle/06_all_chat_clean_collection/all_chat_clean_ui_elements_bundle/01_xenoverse_party_hud_clean/core_elements/24_corner_bracket_orange.png
clean,_OUR_STYLE_UI_ELEMENTS/clean/master_previous/06_all_chat_clean_collection/all_chat_clean_ui_elements_bundle/01_xenoverse_party_hud_clean/core_elements/29_empty_plate_center.png,310,120,"0,0,310,120",29_empty_plate_center,master_previous:dragonmine_complete_ui_elements_master_bundle/06_all_chat_clean_collection/all_chat_clean_ui_elements_bundle/01_xenoverse_party_hud_clean/core_elements/29_empty_plate_center.png
clean,_OUR_STYLE_UI_ELEMENTS/clean/master_previous/06_all_chat_clean_collection/all_chat_clean_ui_elements_bundle/01_xenoverse_party_hud_clean/menus/blank_ki_menu_style_02.png,1536,1024,"26,46,1516,1004",ki_menu_style_02,master_previous:dragonmine_complete_ui_elements_master_bundle/06_all_chat_clean_collection/all_chat_clean_ui_elements_bundle/01_xenoverse_party_hud_clean/menus/blank_ki_menu_style_02.png
clean,_OUR_STYLE_UI_ELEMENTS/clean/master_previous/06_all_chat_clean_collection/all_chat_clean_ui_elements_bundle/01_xenoverse_party_hud_clean/menus/menu_panel_no_slot_highlight.png,1536,1024,"19,13,1522,993",menu_panel_no_slot_highlight,master_previous:dragonmine_complete_ui_elements_master_bundle/06_all_chat_clean_collection/all_chat_clean_ui_elements_bundle/01_xenoverse_party_hud_clean/menus/menu_panel_no_slot_highlight.png
clean,_OUR_STYLE_UI_ELEMENTS/clean/master_previous/06_all_chat_clean_collection/all_chat_clean_ui_elements_bundle/01_xenoverse_party_hud_clean/menus/blank_ki_menu_style_01.png,1536,1024,"0,16,1518,994",ki_menu_style_01,master_previous:dragonmine_complete_ui_elements_master_bundle/06_all_chat_clean_collection/all_chat_clean_ui_elements_bundle/01_xenoverse_party_hud_clean/menus/blank_ki_menu_style_01.png
clean,_OUR_STYLE_UI_ELEMENTS/clean/master_previous/06_all_chat_clean_collection/all_chat_clean_ui_elements_bundle/01_xenoverse_party_hud_clean/overlays/separate_slot_highlight_overlay.png,1448,1086,"0,0,1448,1086",separate_slot_highlight_overlay,master_previous:dragonmine_complete_ui_elements_master_bundle/06_all_chat_clean_collection/all_chat_clean_ui_elements_bundle/01_xenoverse_party_hud_clean/overlays/separate_slot_highlight_overlay.png
example,_OUR_STYLE_UI_ELEMENTS/example/master_previous/02_xenoverse_party_hud_example/example_hud_elements_bundle/04_menus/example_ki_alt_menu_with_text.png,1254,1254,"0,4,1238,1212",ki_alt_menu,master_previous:dragonmine_complete_ui_elements_master_bundle/02_xenoverse_party_hud_example/example_hud_elements_bundle/04_menus/example_ki_alt_menu_with_text.png
example,_OUR_STYLE_UI_ELEMENTS/example/master_previous/02_xenoverse_party_hud_example/example_hud_elements_bundle/04_menus/example_ki_ctrl_menu_with_text.png,1536,1024,"65,61,1470,1002",ki_ctrl_menu,master_previous:dragonmine_complete_ui_elements_master_bundle/02_xenoverse_party_hud_example/example_hud_elements_bundle/04_menus/example_ki_ctrl_menu_with_text.png
example,_OUR_STYLE_UI_ELEMENTS/example/master_previous/02_xenoverse_party_hud_example/example_hud_elements_bundle/05_sheets_and_examples/example_party_hud_battle_scene.png,1672,941,"0,0,1672,941",party_hud_battle_scene,master_previous:dragonmine_complete_ui_elements_master_bundle/02_xenoverse_party_hud_example/example_hud_elements_bundle/05_sheets_and_examples/example_party_hud_battle_scene.png
example,_OUR_STYLE_UI_ELEMENTS/example/master_previous/02_xenoverse_party_hud_example/example_hud_elements_bundle/05_sheets_and_examples/example_party_hud_sprite_sheet.png,1536,1024,"0,5,1536,1024",party_hud_sprite_sheet,master_previous:dragonmine_complete_ui_elements_master_bundle/02_xenoverse_party_hud_example/example_hud_elements_bundle/05_sheets_and_examples/example_party_hud_sprite_sheet.png
example,_OUR_STYLE_UI_ELEMENTS/example/master_previous/02_xenoverse_party_hud_example/example_hud_elements_bundle/05_sheets_and_examples/example_hud_asset_sheet.png,1254,1254,"0,13,1254,1254",hud_asset_sheet,master_previous:dragonmine_complete_ui_elements_master_bundle/02_xenoverse_party_hud_example/example_hud_elements_bundle/05_sheets_and_examples/example_hud_asset_sheet.png
example,_OUR_STYLE_UI_ELEMENTS/example/master_previous/02_xenoverse_party_hud_example/example_hud_elements_bundle/05_sheets_and_examples/example_transparent_asset_sheet.png,1536,1024,"0,4,1536,1024",transparent_asset_sheet,master_previous:dragonmine_complete_ui_elements_master_bundle/02_xenoverse_party_hud_example/example_hud_elements_bundle/05_sheets_and_examples/example_transparent_asset_sheet.png
example,_OUR_STYLE_UI_ELEMENTS/example/master_previous/02_xenoverse_party_hud_example/example_hud_elements_bundle/05_sheets_and_examples/example_separate_elements_sheet.png,1536,1024,"12,0,1523,1024",separate_elements_sheet,master_previous:dragonmine_complete_ui_elements_master_bundle/02_xenoverse_party_hud_example/example_hud_elements_bundle/05_sheets_and_examples/example_separate_elements_sheet.png
example,_OUR_STYLE_UI_ELEMENTS/example/master_previous/02_xenoverse_party_hud_example/example_hud_elements_bundle/05_sheets_and_examples/example_party_hud_concept_scene.png,1672,941,"0,0,1672,941",party_hud_concept_scene,master_previous:dragonmine_complete_ui_elements_master_bundle/02_xenoverse_party_hud_example/example_hud_elements_bundle/05_sheets_and_examples/example_party_hud_concept_scene.png
example,_OUR_STYLE_UI_ELEMENTS/example/master_previous/02_xenoverse_party_hud_example/example_hud_elements_bundle/01_split_hud_elements/example_07_stm_bar_with_label.png,495,72,"6,0,489,72",07_stm_bar_with_label,master_previous:dragonmine_complete_ui_elements_master_bundle/02_xenoverse_party_hud_example/example_hud_elements_bundle/01_split_hud_elements/example_07_stm_bar_with_label.png
example,_OUR_STYLE_UI_ELEMENTS/example/master_previous/02_xenoverse_party_hud_example/example_hud_elements_bundle/01_split_hud_elements/example_00_full_transparent_asset_sheet.png,1536,1024,"0,4,1536,1024",00_full_transparent_asset_sheet,master_previous:dragonmine_complete_ui_elements_master_bundle/02_xenoverse_party_hud_example/example_hud_elements_bundle/01_split_hud_elements/example_00_full_transparent_asset_sheet.png
example,_OUR_STYLE_UI_ELEMENTS/example/master_previous/02_xenoverse_party_hud_example/example_hud_elements_bundle/01_split_hud_elements/example_11_level_label_plate.png,229,99,"6,6,229,99",11_level_label_plate,master_previous:dragonmine_complete_ui_elements_master_bundle/02_xenoverse_party_hud_example/example_hud_elements_bundle/01_split_hud_elements/example_11_level_label_plate.png
example,_OUR_STYLE_UI_ELEMENTS/example/master_previous/02_xenoverse_party_hud_example/example_hud_elements_bundle/01_split_hud_elements/example_06_ki_bar_with_label.png,497,70,"6,0,491,70",06_ki_bar_with_label,master_previous:dragonmine_complete_ui_elements_master_bundle/02_xenoverse_party_hud_example/example_hud_elements_bundle/01_split_hud_elements/example_06_ki_bar_with_label.png
example,_OUR_STYLE_UI_ELEMENTS/example/master_previous/02_xenoverse_party_hud_example/example_hud_elements_bundle/01_split_hud_elements/example_12_level_number_45_plate.png,195,100,"2,0,193,100",12_level_number_45_plate,master_previous:dragonmine_complete_ui_elements_master_bundle/02_xenoverse_party_hud_example/example_hud_elements_bundle/01_split_hud_elements/example_12_level_number_45_plate.png
example,_OUR_STYLE_UI_ELEMENTS/example/master_previous/02_xenoverse_party_hud_example/example_hud_elements_bundle/01_split_hud_elements/example_13_hp_label.png,158,80,"6,0,158,80",13_hp_label,master_previous:dragonmine_complete_ui_elements_master_bundle/02_xenoverse_party_hud_example/example_hud_elements_bundle/01_split_hud_elements/example_13_hp_label.png
example,_OUR_STYLE_UI_ELEMENTS/example/master_previous/02_xenoverse_party_hud_example/example_hud_elements_bundle/01_split_hud_elements/example_14_ki_label.png,155,80,"0,0,155,79",14_ki_label,master_previous:dragonmine_complete_ui_elements_master_bundle/02_xenoverse_party_hud_example/example_hud_elements_bundle/01_split_hud_elements/example_14_ki_label.png
example,_OUR_STYLE_UI_ELEMENTS/example/master_previous/02_xenoverse_party_hud_example/example_hud_elements_bundle/01_split_hud_elements/example_15_stm_label.png,161,80,"0,0,155,80",15_stm_label,master_previous:dragonmine_complete_ui_elements_master_bundle/02_xenoverse_party_hud_example/example_hud_elements_bundle/01_split_hud_elements/example_15_stm_label.png
example,_OUR_STYLE_UI_ELEMENTS/example/master_previous/02_xenoverse_party_hud_example/example_hud_elements_bundle/01_split_hud_elements/example_01_player1_full_hud.png,765,295,"0,0,765,295",01_player1_full_hud,master_previous:dragonmine_complete_ui_elements_master_bundle/02_xenoverse_party_hud_example/example_hud_elements_bundle/01_split_hud_elements/example_01_player1_full_hud.png
example,_OUR_STYLE_UI_ELEMENTS/example/master_previous/02_xenoverse_party_hud_example/example_hud_elements_bundle/01_split_hud_elements/example_02_player2_full_hud.png,761,295,"0,0,761,295",02_player2_full_hud,master_previous:dragonmine_complete_ui_elements_master_bundle/02_xenoverse_party_hud_example/example_hud_elements_bundle/01_split_hud_elements/example_02_player2_full_hud.png
example,_OUR_STYLE_UI_ELEMENTS/example/master_previous/02_xenoverse_party_hud_example/example_hud_elements_bundle/01_split_hud_elements/example_05_hp_bar_with_label.png,511,75,"6,0,505,75",05_hp_bar_with_label,master_previous:dragonmine_complete_ui_elements_master_bundle/02_xenoverse_party_hud_example/example_hud_elements_bundle/01_split_hud_elements/example_05_hp_bar_with_label.png
example,_OUR_STYLE_UI_ELEMENTS/example/master_previous/02_xenoverse_party_hud_example/example_hud_elements_bundle/02_action_buttons_with_text/example_back_with_text.png,1536,1024,"0,31,1518,982",back,master_previous:dragonmine_complete_ui_elements_master_bundle/02_xenoverse_party_hud_example/example_hud_elements_bundle/02_action_buttons_with_text/example_back_with_text.png
example,_OUR_STYLE_UI_ELEMENTS/example/master_previous/02_xenoverse_party_hud_example/example_hud_elements_bundle/02_action_buttons_with_text/example_vanish_with_text.png,1536,1024,"0,21,1526,984",vanish,master_previous:dragonmine_complete_ui_elements_master_bundle/02_xenoverse_party_hud_example/example_hud_elements_bundle/02_action_buttons_with_text/example_vanish_with_text.png
example,_OUR_STYLE_UI_ELEMENTS/example/master_previous/02_xenoverse_party_hud_example/example_hud_elements_bundle/02_action_buttons_with_text/example_z_burst_with_text.png,1536,1024,"0,34,1504,982",z_burst,master_previous:dragonmine_complete_ui_elements_master_bundle/02_xenoverse_party_hud_example/example_hud_elements_bundle/02_action_buttons_with_text/example_z_burst_with_text.png
example,_OUR_STYLE_UI_ELEMENTS/example/master_previous/02_xenoverse_party_hud_example/example_hud_elements_bundle/02_action_buttons_with_text/example_chase_with_text.png,1536,1024,"17,21,1522,982",chase,master_previous:dragonmine_complete_ui_elements_master_bundle/02_xenoverse_party_hud_example/example_hud_elements_bundle/02_action_buttons_with_text/example_chase_with_text.png
example,_OUR_STYLE_UI_ELEMENTS/example/master_previous/02_xenoverse_party_hud_example/example_hud_elements_bundle/02_action_buttons_with_text/example_combo_with_text.png,1536,1024,"31,110,1508,952",combo,master_previous:dragonmine_complete_ui_elements_master_bundle/02_xenoverse_party_hud_example/example_hud_elements_bundle/02_action_buttons_with_text/example_combo_with_text.png
example,_OUR_STYLE_UI_ELEMENTS/example/master_previous/02_xenoverse_party_hud_example/example_hud_elements_bundle/02_action_buttons_with_text/example_charge_with_text.png,1536,1024,"0,21,1521,982",charge,master_previous:dragonmine_complete_ui_elements_master_bundle/02_xenoverse_party_hud_example/example_hud_elements_bundle/02_action_buttons_with_text/example_charge_with_text.png
example,_OUR_STYLE_UI_ELEMENTS/example/master_previous/02_xenoverse_party_hud_example/example_hud_elements_bundle/02_action_buttons_with_text/example_ki_cancel_with_text.png,1536,1024,"32,38,1504,982",ki_cancel,master_previous:dragonmine_complete_ui_elements_master_bundle/02_xenoverse_party_hud_example/example_hud_elements_bundle/02_action_buttons_with_text/example_ki_cancel_with_text.png
clean,_OUR_STYLE_UI_ELEMENTS/clean/master_previous/03_dragonmine_other_menus_clean_and_example/dragonmine_other_menus_single_elements/00_original_asset_sheets/neon_sci_fi_options_ui_asset_sheet.png,1448,1086,"0,0,1448,1086",neon_sci_fi_options_ui_asset_sheet,master_previous:dragonmine_complete_ui_elements_master_bundle/03_dragonmine_other_menus_clean_and_example/dragonmine_other_menus_single_elements/00_original_asset_sheets/neon_sci_fi_options_ui_asset_sheet.png
clean,_OUR_STYLE_UI_ELEMENTS/clean/master_previous/03_dragonmine_other_menus_clean_and_example/dragonmine_other_menus_single_elements/00_original_asset_sheets/neon_skills_ui_asset_sheet.png,1448,1086,"0,0,1448,1086",neon_skills_ui_asset_sheet,master_previous:dragonmine_complete_ui_elements_master_bundle/03_dragonmine_other_menus_clean_and_example/dragonmine_other_menus_single_elements/00_original_asset_sheets/neon_skills_ui_asset_sheet.png
clean,_OUR_STYLE_UI_ELEMENTS/clean/master_previous/03_dragonmine_other_menus_clean_and_example/dragonmine_other_menus_single_elements/00_original_asset_sheets/neon_anime_combat_ui_asset_sheet.png,1448,1086,"0,0,1448,1086",neon_anime_combat_ui_asset_sheet,master_previous:dragonmine_complete_ui_elements_master_bundle/03_dragonmine_other_menus_clean_and_example/dragonmine_other_menus_single_elements/00_original_asset_sheets/neon_anime_combat_ui_asset_sheet.png
clean,_OUR_STYLE_UI_ELEMENTS/clean/master_previous/03_dragonmine_other_menus_clean_and_example/dragonmine_other_menus_single_elements/00_original_asset_sheets/neon_anime_quest_tree_ui_sheet.png,1448,1086,"0,0,1448,1086",neon_anime_quest_tree_ui_sheet,master_previous:dragonmine_complete_ui_elements_master_bundle/03_dragonmine_other_menus_clean_and_example/dragonmine_other_menus_single_elements/00_original_asset_sheets/neon_anime_quest_tree_ui_sheet.png
clean,_OUR_STYLE_UI_ELEMENTS/clean/master_previous/03_dragonmine_other_menus_clean_and_example/dragonmine_other_menus_single_elements/quest_tree/02_rows_buttons/selected_row_example.png,171,67,"0,0,171,67",selected_row,master_previous:dragonmine_complete_ui_elements_master_bundle/03_dragonmine_other_menus_clean_and_example/dragonmine_other_menus_single_elements/quest_tree/02_rows_buttons/selected_row_example.png
clean,_OUR_STYLE_UI_ELEMENTS/clean/master_previous/03_dragonmine_other_menus_clean_and_example/dragonmine_other_menus_single_elements/quest_tree/02_rows_buttons/normal_row_example.png,167,51,"0,0,167,51",normal_row,master_previous:dragonmine_complete_ui_elements_master_bundle/03_dragonmine_other_menus_clean_and_example/dragonmine_other_menus_single_elements/quest_tree/02_rows_buttons/normal_row_example.png
clean,_OUR_STYLE_UI_ELEMENTS/clean/master_previous/03_dragonmine_other_menus_clean_and_example/dragonmine_other_menus_single_elements/quest_tree/01_panels/example_map_panel.png,354,276,"0,0,354,276",map_panel,master_previous:dragonmine_complete_ui_elements_master_bundle/03_dragonmine_other_menus_clean_and_example/dragonmine_other_menus_single_elements/quest_tree/01_panels/example_map_panel.png
clean,_OUR_STYLE_UI_ELEMENTS/clean/master_previous/03_dragonmine_other_menus_clean_and_example/dragonmine_other_menus_single_elements/quest_tree/01_panels/example_left_quest_panel.png,209,422,"0,0,209,422",left_quest_panel,master_previous:dragonmine_complete_ui_elements_master_bundle/03_dragonmine_other_menus_clean_and_example/dragonmine_other_menus_single_elements/quest_tree/01_panels/example_left_quest_panel.png
clean,_OUR_STYLE_UI_ELEMENTS/clean/master_previous/03_dragonmine_other_menus_clean_and_example/dragonmine_other_menus_single_elements/quest_tree/00_full_screens/example_full_screen.png,696,500,"0,0,696,500",full_screen,master_previous:dragonmine_complete_ui_elements_master_bundle/03_dragonmine_other_menus_clean_and_example/dragonmine_other_menus_single_elements/quest_tree/00_full_screens/example_full_screen.png
clean,_OUR_STYLE_UI_ELEMENTS/clean/master_previous/03_dragonmine_other_menus_clean_and_example/dragonmine_other_menus_single_elements/quest_tree/03_headers_accents/progress_bar_example.png,185,55,"0,0,185,55",progress_bar,master_previous:dragonmine_complete_ui_elements_master_bundle/03_dragonmine_other_menus_clean_and_example/dragonmine_other_menus_single_elements/quest_tree/03_headers_accents/progress_bar_example.png
clean,_OUR_STYLE_UI_ELEMENTS/clean/master_previous/03_dragonmine_other_menus_clean_and_example/dragonmine_other_menus_single_elements/quest_tree/03_headers_accents/chapter_title_bar_example.png,276,71,"0,0,276,71",chapter_title_bar,master_previous:dragonmine_complete_ui_elements_master_bundle/03_dragonmine_other_menus_clean_and_example/dragonmine_other_menus_single_elements/quest_tree/03_headers_accents/chapter_title_bar_example.png
clean,_OUR_STYLE_UI_ELEMENTS/clean/master_previous/03_dragonmine_other_menus_clean_and_example/dragonmine_other_menus_single_elements/quest_tree/03_headers_accents/difficulty_label_example.png,148,55,"0,0,148,55",difficulty_label,master_previous:dragonmine_complete_ui_elements_master_bundle/03_dragonmine_other_menus_clean_and_example/dragonmine_other_menus_single_elements/quest_tree/03_headers_accents/difficulty_label_example.png
clean,_OUR_STYLE_UI_ELEMENTS/clean/master_previous/03_dragonmine_other_menus_clean_and_example/dragonmine_other_menus_single_elements/options/02_rows_buttons/value_row_example.png,191,50,"0,0,191,50",value_row,master_previous:dragonmine_complete_ui_elements_master_bundle/03_dragonmine_other_menus_clean_and_example/dragonmine_other_menus_single_elements/options/02_rows_buttons/value_row_example.png
clean,_OUR_STYLE_UI_ELEMENTS/clean/master_previous/03_dragonmine_other_menus_clean_and_example/dragonmine_other_menus_single_elements/options/02_rows_buttons/option_row_example.png,237,55,"0,0,237,55",option_row,master_previous:dragonmine_complete_ui_elements_master_bundle/03_dragonmine_other_menus_clean_and_example/dragonmine_other_menus_single_elements/options/02_rows_buttons/option_row_example.png
clean,_OUR_STYLE_UI_ELEMENTS/clean/master_previous/03_dragonmine_other_menus_clean_and_example/dragonmine_other_menus_single_elements/options/01_panels/values_panel_example.png,216,296,"0,0,216,296",values_panel,master_previous:dragonmine_complete_ui_elements_master_bundle/03_dragonmine_other_menus_clean_and_example/dragonmine_other_menus_single_elements/options/01_panels/values_panel_example.png
clean,_OUR_STYLE_UI_ELEMENTS/clean/master_previous/03_dragonmine_other_menus_clean_and_example/dragonmine_other_menus_single_elements/options/01_panels/options_panel_example.png,207,296,"0,0,207,296",options_panel,master_previous:dragonmine_complete_ui_elements_master_bundle/03_dragonmine_other_menus_clean_and_example/dragonmine_other_menus_single_elements/options/01_panels/options_panel_example.png
clean,_OUR_STYLE_UI_ELEMENTS/clean/master_previous/03_dragonmine_other_menus_clean_and_example/dragonmine_other_menus_single_elements/options/00_full_screens/example_full_screen.png,694,480,"0,0,694,480",full_screen,master_previous:dragonmine_complete_ui_elements_master_bundle/03_dragonmine_other_menus_clean_and_example/dragonmine_other_menus_single_elements/options/00_full_screens/example_full_screen.png
clean,_OUR_STYLE_UI_ELEMENTS/clean/master_previous/03_dragonmine_other_menus_clean_and_example/dragonmine_other_menus_single_elements/options/03_headers_accents/header_bar_example.png,216,87,"0,0,216,87",header_bar,master_previous:dragonmine_complete_ui_elements_master_bundle/03_dragonmine_other_menus_clean_and_example/dragonmine_other_menus_single_elements/options/03_headers_accents/header_bar_example.png
clean,_OUR_STYLE_UI_ELEMENTS/clean/master_previous/03_dragonmine_other_menus_clean_and_example/dragonmine_other_menus_single_elements/skills_information/02_rows_buttons/example_skill_row.png,280,58,"0,0,280,58",skill_row,master_previous:dragonmine_complete_ui_elements_master_bundle/03_dragonmine_other_menus_clean_and_example/dragonmine_other_menus_single_elements/skills_information/02_rows_buttons/example_skill_row.png
clean,_OUR_STYLE_UI_ELEMENTS/clean/master_previous/03_dragonmine_other_menus_clean_and_example/dragonmine_other_menus_single_elements/skills_information/02_rows_buttons/tab_button_example.png,79,93,"0,0,79,93",tab_button,master_previous:dragonmine_complete_ui_elements_master_bundle/03_dragonmine_other_menus_clean_and_example/dragonmine_other_menus_single_elements/skills_information/02_rows_buttons/tab_button_example.png
clean,_OUR_STYLE_UI_ELEMENTS/clean/master_previous/03_dragonmine_other_menus_clean_and_example/dragonmine_other_menus_single_elements/skills_information/01_panels/example_bottom_strip.png,267,95,"0,0,267,95",bottom_strip,master_previous:dragonmine_complete_ui_elements_master_bundle/03_dragonmine_other_menus_clean_and_example/dragonmine_other_menus_single_elements/skills_information/01_panels/example_bottom_strip.png
clean,_OUR_STYLE_UI_ELEMENTS/clean/master_previous/03_dragonmine_other_menus_clean_and_example/dragonmine_other_menus_single_elements/skills_information/01_panels/example_detail_panel.png,285,150,"0,0,285,150",detail_panel,master_previous:dragonmine_complete_ui_elements_master_bundle/03_dragonmine_other_menus_clean_and_example/dragonmine_other_menus_single_elements/skills_information/01_panels/example_detail_panel.png
clean,_OUR_STYLE_UI_ELEMENTS/clean/master_previous/03_dragonmine_other_menus_clean_and_example/dragonmine_other_menus_single_elements/skills_information/01_panels/example_left_panel.png,208,289,"0,0,208,289",left_panel,master_previous:dragonmine_complete_ui_elements_master_bundle/03_dragonmine_other_menus_clean_and_example/dragonmine_other_menus_single_elements/skills_information/01_panels/example_left_panel.png
clean,_OUR_STYLE_UI_ELEMENTS/clean/master_previous/03_dragonmine_other_menus_clean_and_example/dragonmine_other_menus_single_elements/skills_information/00_full_screens/example_full_screen.png,681,492,"0,0,681,492",full_screen,master_previous:dragonmine_complete_ui_elements_master_bundle/03_dragonmine_other_menus_clean_and_example/dragonmine_other_menus_single_elements/skills_information/00_full_screens/example_full_screen.png
clean,_OUR_STYLE_UI_ELEMENTS/clean/master_previous/03_dragonmine_other_menus_clean_and_example/dragonmine_other_menus_single_elements/skills_information/03_headers_accents/example_top_information_panel.png,279,153,"0,0,279,153",top_information_panel,master_previous:dragonmine_complete_ui_elements_master_bundle/03_dragonmine_other_menus_clean_and_example/dragonmine_other_menus_single_elements/skills_information/03_headers_accents/example_top_information_panel.png
clean,_OUR_STYLE_UI_ELEMENTS/clean/master_previous/03_dragonmine_other_menus_clean_and_example/dragonmine_other_menus_single_elements/server_menu/02_rows_buttons/example_list_row.png,167,57,"0,0,167,57",list_row,master_previous:dragonmine_complete_ui_elements_master_bundle/03_dragonmine_other_menus_clean_and_example/dragonmine_other_menus_single_elements/server_menu/02_rows_buttons/example_list_row.png
clean,_OUR_STYLE_UI_ELEMENTS/clean/master_previous/03_dragonmine_other_menus_clean_and_example/dragonmine_other_menus_single_elements/server_menu/02_rows_buttons/example_stats_button.png,189,78,"0,0,189,78",stats_button,master_previous:dragonmine_complete_ui_elements_master_bundle/03_dragonmine_other_menus_clean_and_example/dragonmine_other_menus_single_elements/server_menu/02_rows_buttons/example_stats_button.png
clean,_OUR_STYLE_UI_ELEMENTS/clean/master_previous/03_dragonmine_other_menus_clean_and_example/dragonmine_other_menus_single_elements/server_menu/01_panels/example_right_panel.png,187,422,"0,0,187,422",right_panel,master_previous:dragonmine_complete_ui_elements_master_bundle/03_dragonmine_other_menus_clean_and_example/dragonmine_other_menus_single_elements/server_menu/01_panels/example_right_panel.png
clean,_OUR_STYLE_UI_ELEMENTS/clean/master_previous/03_dragonmine_other_menus_clean_and_example/dragonmine_other_menus_single_elements/server_menu/01_panels/example_left_panel.png,200,419,"0,0,200,419",left_panel,master_previous:dragonmine_complete_ui_elements_master_bundle/03_dragonmine_other_menus_clean_and_example/dragonmine_other_menus_single_elements/server_menu/01_panels/example_left_panel.png
clean,_OUR_STYLE_UI_ELEMENTS/clean/master_previous/03_dragonmine_other_menus_clean_and_example/dragonmine_other_menus_single_elements/server_menu/00_full_screens/example_full_screen.png,690,480,"0,0,690,480",full_screen,master_previous:dragonmine_complete_ui_elements_master_bundle/03_dragonmine_other_menus_clean_and_example/dragonmine_other_menus_single_elements/server_menu/00_full_screens/example_full_screen.png
clean,_OUR_STYLE_UI_ELEMENTS/clean/master_previous/03_dragonmine_other_menus_clean_and_example/dragonmine_other_menus_single_elements/server_menu/03_headers_accents/example_header_bar.png,330,119,"0,0,330,119",header_bar,master_previous:dragonmine_complete_ui_elements_master_bundle/03_dragonmine_other_menus_clean_and_example/dragonmine_other_menus_single_elements/server_menu/03_headers_accents/example_header_bar.png
clean,_OUR_STYLE_UI_ELEMENTS/clean/master_previous/03_dragonmine_other_menus_clean_and_example/dragonmine_other_menus_single_elements/minigames/02_rows_buttons/selected_row_example.png,291,68,"0,0,291,68",selected_row,master_previous:dragonmine_complete_ui_elements_master_bundle/03_dragonmine_other_menus_clean_and_example/dragonmine_other_menus_single_elements/minigames/02_rows_buttons/selected_row_example.png
clean,_OUR_STYLE_UI_ELEMENTS/clean/master_previous/03_dragonmine_other_menus_clean_and_example/dragonmine_other_menus_single_elements/minigames/02_rows_buttons/normal_row_example.png,291,61,"0,0,291,61",normal_row,master_previous:dragonmine_complete_ui_elements_master_bundle/03_dragonmine_other_menus_clean_and_example/dragonmine_other_menus_single_elements/minigames/02_rows_buttons/normal_row_example.png
clean,_OUR_STYLE_UI_ELEMENTS/clean/master_previous/03_dragonmine_other_menus_clean_and_example/dragonmine_other_menus_single_elements/minigames/02_rows_buttons/start_button_example.png,200,50,"0,0,200,50",start_button,master_previous:dragonmine_complete_ui_elements_master_bundle/03_dragonmine_other_menus_clean_and_example/dragonmine_other_menus_single_elements/minigames/02_rows_buttons/start_button_example.png
clean,_OUR_STYLE_UI_ELEMENTS/clean/master_previous/03_dragonmine_other_menus_clean_and_example/dragonmine_other_menus_single_elements/minigames/01_panels/example_detail_panel.png,300,297,"0,0,300,297",detail_panel,master_previous:dragonmine_complete_ui_elements_master_bundle/03_dragonmine_other_menus_clean_and_example/dragonmine_other_menus_single_elements/minigames/01_panels/example_detail_panel.png
clean,_OUR_STYLE_UI_ELEMENTS/clean/master_previous/03_dragonmine_other_menus_clean_and_example/dragonmine_other_menus_single_elements/minigames/01_panels/example_list_panel.png,211,303,"0,0,211,303",list_panel,master_previous:dragonmine_complete_ui_elements_master_bundle/03_dragonmine_other_menus_clean_and_example/dragonmine_other_menus_single_elements/minigames/01_panels/example_list_panel.png
clean,_OUR_STYLE_UI_ELEMENTS/clean/master_previous/03_dragonmine_other_menus_clean_and_example/dragonmine_other_menus_single_elements/minigames/00_full_screens/example_full_screen.png,690,493,"0,0,690,493",full_screen,master_previous:dragonmine_complete_ui_elements_master_bundle/03_dragonmine_other_menus_clean_and_example/dragonmine_other_menus_single_elements/minigames/00_full_screens/example_full_screen.png
clean,_OUR_STYLE_UI_ELEMENTS/clean/master_previous/03_dragonmine_other_menus_clean_and_example/dragonmine_other_menus_single_elements/minigames/03_headers_accents/title_bar_example.png,210,91,"0,0,210,91",title_bar,master_previous:dragonmine_complete_ui_elements_master_bundle/03_dragonmine_other_menus_clean_and_example/dragonmine_other_menus_single_elements/minigames/03_headers_accents/title_bar_example.png
clean,_OUR_STYLE_UI_ELEMENTS/clean/master_previous/05_dragonmine_hd_ui_v4/dragonmine_hd_ui_single_elements_v4/02_headers/clean_stats_subheader.png,332,78,"0,0,332,78",stats_subheader,master_previous:dragonmine_complete_ui_elements_master_bundle/05_dragonmine_hd_ui_v4/dragonmine_hd_ui_single_elements_v4/02_headers/clean_stats_subheader.png
clean,_OUR_STYLE_UI_ELEMENTS/clean/master_previous/05_dragonmine_hd_ui_v4/dragonmine_hd_ui_single_elements_v4/02_headers/clean_statistics_header.png,420,88,"0,0,420,88",statistics_header,master_previous:dragonmine_complete_ui_elements_master_bundle/05_dragonmine_hd_ui_v4/dragonmine_hd_ui_single_elements_v4/02_headers/clean_statistics_header.png
example,_OUR_STYLE_UI_ELEMENTS/example/master_previous/05_dragonmine_hd_ui_v4/dragonmine_hd_ui_single_elements_v4/02_headers/example_information_header.png,420,88,"0,0,420,88",information_header,master_previous:dragonmine_complete_ui_elements_master_bundle/05_dragonmine_hd_ui_v4/dragonmine_hd_ui_single_elements_v4/02_headers/example_information_header.png
example,_OUR_STYLE_UI_ELEMENTS/example/master_previous/05_dragonmine_hd_ui_v4/dragonmine_hd_ui_single_elements_v4/02_headers/example_stats_subheader.png,332,78,"0,0,332,78",stats_subheader,master_previous:dragonmine_complete_ui_elements_master_bundle/05_dragonmine_hd_ui_v4/dragonmine_hd_ui_single_elements_v4/02_headers/example_stats_subheader.png
example,_OUR_STYLE_UI_ELEMENTS/example/master_previous/05_dragonmine_hd_ui_v4/dragonmine_hd_ui_single_elements_v4/02_headers/example_statistics_header.png,420,88,"0,0,420,88",statistics_header,master_previous:dragonmine_complete_ui_elements_master_bundle/05_dragonmine_hd_ui_v4/dragonmine_hd_ui_single_elements_v4/02_headers/example_statistics_header.png
reference,_OUR_STYLE_UI_ELEMENTS/reference/master_previous/05_dragonmine_hd_ui_v4/dragonmine_hd_ui_single_elements_v4/00_reference/reference_redesign_full_screen.png,1672,941,"0,0,1672,941",reference_redesign_full_screen,master_previous:dragonmine_complete_ui_elements_master_bundle/05_dragonmine_hd_ui_v4/dragonmine_hd_ui_single_elements_v4/00_reference/reference_redesign_full_screen.png
clean,_OUR_STYLE_UI_ELEMENTS/clean/master_previous/05_dragonmine_hd_ui_v4/dragonmine_hd_ui_single_elements_v4/06_overlays/clean_blue_orange_divider.png,440,40,"12,19,429,22",blue_orange_divider,master_previous:dragonmine_complete_ui_elements_master_bundle/05_dragonmine_hd_ui_v4/dragonmine_hd_ui_single_elements_v4/06_overlays/clean_blue_orange_divider.png
clean,_OUR_STYLE_UI_ELEMENTS/clean/master_previous/05_dragonmine_hd_ui_v4/dragonmine_hd_ui_single_elements_v4/06_overlays/clean_scan_ring_overlay.png,620,620,"72,60,549,561",scan_ring_overlay,master_previous:dragonmine_complete_ui_elements_master_bundle/05_dragonmine_hd_ui_v4/dragonmine_hd_ui_single_elements_v4/06_overlays/clean_scan_ring_overlay.png
clean,_OUR_STYLE_UI_ELEMENTS/clean/master_previous/05_dragonmine_hd_ui_v4/dragonmine_hd_ui_single_elements_v4/06_overlays/clean_vertical_orange_accent.png,30,170,"13,10,17,161",vertical_orange_accent,master_previous:dragonmine_complete_ui_elements_master_bundle/05_dragonmine_hd_ui_v4/dragonmine_hd_ui_single_elements_v4/06_overlays/clean_vertical_orange_accent.png
example,_OUR_STYLE_UI_ELEMENTS/example/master_previous/05_dragonmine_hd_ui_v4/dragonmine_hd_ui_single_elements_v4/04_buttons/example_nav_button_party.png,122,154,"0,0,122,153",nav_button_party,master_previous:dragonmine_complete_ui_elements_master_bundle/05_dragonmine_hd_ui_v4/dragonmine_hd_ui_single_elements_v4/04_buttons/example_nav_button_party.png
clean,_OUR_STYLE_UI_ELEMENTS/clean/master_previous/05_dragonmine_hd_ui_v4/dragonmine_hd_ui_single_elements_v4/04_buttons/clean_nav_button_quests.png,122,154,"0,0,122,122",nav_button_quests,master_previous:dragonmine_complete_ui_elements_master_bundle/05_dragonmine_hd_ui_v4/dragonmine_hd_ui_single_elements_v4/04_buttons/clean_nav_button_quests.png
example,_OUR_STYLE_UI_ELEMENTS/example/master_previous/05_dragonmine_hd_ui_v4/dragonmine_hd_ui_single_elements_v4/04_buttons/example_nav_button_settings.png,122,154,"0,0,122,154",nav_button_settings,master_previous:dragonmine_complete_ui_elements_master_bundle/05_dragonmine_hd_ui_v4/dragonmine_hd_ui_single_elements_v4/04_buttons/example_nav_button_settings.png
example,_OUR_STYLE_UI_ELEMENTS/example/master_previous/05_dragonmine_hd_ui_v4/dragonmine_hd_ui_single_elements_v4/04_buttons/example_nav_button_skills.png,122,154,"0,0,122,154",nav_button_skills,master_previous:dragonmine_complete_ui_elements_master_bundle/05_dragonmine_hd_ui_v4/dragonmine_hd_ui_single_elements_v4/04_buttons/example_nav_button_skills.png
example,_OUR_STYLE_UI_ELEMENTS/example/master_previous/05_dragonmine_hd_ui_v4/dragonmine_hd_ui_single_elements_v4/04_buttons/example_nav_button_quests.png,122,154,"0,0,122,154",nav_button_quests,master_previous:dragonmine_complete_ui_elements_master_bundle/05_dragonmine_hd_ui_v4/dragonmine_hd_ui_single_elements_v4/04_buttons/example_nav_button_quests.png
example,_OUR_STYLE_UI_ELEMENTS/example/master_previous/05_dragonmine_hd_ui_v4/dragonmine_hd_ui_single_elements_v4/04_buttons/example_nav_button_items.png,122,154,"0,0,122,154",nav_button_items,master_previous:dragonmine_complete_ui_elements_master_bundle/05_dragonmine_hd_ui_v4/dragonmine_hd_ui_single_elements_v4/04_buttons/example_nav_button_items.png
example,_OUR_STYLE_UI_ELEMENTS/example/master_previous/05_dragonmine_hd_ui_v4/dragonmine_hd_ui_single_elements_v4/04_buttons/example_nav_button_character.png,122,154,"0,0,122,154",nav_button_character,master_previous:dragonmine_complete_ui_elements_master_bundle/05_dragonmine_hd_ui_v4/dragonmine_hd_ui_single_elements_v4/04_buttons/example_nav_button_character.png
clean,_OUR_STYLE_UI_ELEMENTS/clean/master_previous/05_dragonmine_hd_ui_v4/dragonmine_hd_ui_single_elements_v4/01_panels/clean_nameplate.png,980,180,"0,0,980,180",nameplate,master_previous:dragonmine_complete_ui_elements_master_bundle/05_dragonmine_hd_ui_v4/dragonmine_hd_ui_single_elements_v4/01_panels/clean_nameplate.png
clean,_OUR_STYLE_UI_ELEMENTS/clean/master_previous/05_dragonmine_hd_ui_v4/dragonmine_hd_ui_single_elements_v4/01_panels/clean_statistics_panel.png,500,710,"0,0,500,710",statistics_panel,master_previous:dragonmine_complete_ui_elements_master_bundle/05_dragonmine_hd_ui_v4/dragonmine_hd_ui_single_elements_v4/01_panels/clean_statistics_panel.png
clean,_OUR_STYLE_UI_ELEMENTS/clean/master_previous/05_dragonmine_hd_ui_v4/dragonmine_hd_ui_single_elements_v4/01_panels/clean_information_panel.png,510,700,"0,0,510,700",information_panel,master_previous:dragonmine_complete_ui_elements_master_bundle/05_dragonmine_hd_ui_v4/dragonmine_hd_ui_single_elements_v4/01_panels/clean_information_panel.png
example,_OUR_STYLE_UI_ELEMENTS/example/master_previous/05_dragonmine_hd_ui_v4/dragonmine_hd_ui_single_elements_v4/01_panels/example_statistics_panel.png,500,710,"0,0,500,710",statistics_panel,master_previous:dragonmine_complete_ui_elements_master_bundle/05_dragonmine_hd_ui_v4/dragonmine_hd_ui_single_elements_v4/01_panels/example_statistics_panel.png
example,_OUR_STYLE_UI_ELEMENTS/example/master_previous/05_dragonmine_hd_ui_v4/dragonmine_hd_ui_single_elements_v4/01_panels/example_information_panel.png,510,700,"0,0,510,700",information_panel,master_previous:dragonmine_complete_ui_elements_master_bundle/05_dragonmine_hd_ui_v4/dragonmine_hd_ui_single_elements_v4/01_panels/example_information_panel.png
example,_OUR_STYLE_UI_ELEMENTS/example/master_previous/05_dragonmine_hd_ui_v4/dragonmine_hd_ui_single_elements_v4/01_panels/example_nameplate_dev_saiyan.png,980,180,"0,0,980,180",nameplate_dev_saiyan,master_previous:dragonmine_complete_ui_elements_master_bundle/05_dragonmine_hd_ui_v4/dragonmine_hd_ui_single_elements_v4/01_panels/example_nameplate_dev_saiyan.png
clean,_OUR_STYLE_UI_ELEMENTS/clean/master_previous/05_dragonmine_hd_ui_v4/dragonmine_hd_ui_single_elements_v4/05_icons/clean_icon_party.png,56,56,,icon_party,master_previous:dragonmine_complete_ui_elements_master_bundle/05_dragonmine_hd_ui_v4/dragonmine_hd_ui_single_elements_v4/05_icons/clean_icon_party.png
clean,_OUR_STYLE_UI_ELEMENTS/clean/master_previous/05_dragonmine_hd_ui_v4/dragonmine_hd_ui_single_elements_v4/05_icons/clean_top_orb_yellow.png,54,54,"0,0,54,54",top_orb_yellow,master_previous:dragonmine_complete_ui_elements_master_bundle/05_dragonmine_hd_ui_v4/dragonmine_hd_ui_single_elements_v4/05_icons/clean_top_orb_yellow.png
clean,_OUR_STYLE_UI_ELEMENTS/clean/master_previous/05_dragonmine_hd_ui_v4/dragonmine_hd_ui_single_elements_v4/05_icons/clean_stats_bars_icon.png,96,96,"0,0,96,96",stats_bars_icon,master_previous:dragonmine_complete_ui_elements_master_bundle/05_dragonmine_hd_ui_v4/dragonmine_hd_ui_single_elements_v4/05_icons/clean_stats_bars_icon.png
example,_OUR_STYLE_UI_ELEMENTS/example/master_previous/05_dragonmine_hd_ui_v4/dragonmine_hd_ui_single_elements_v4/05_icons/example_top_orb_red.png,54,54,"6,6,49,49",top_orb_red,master_previous:dragonmine_complete_ui_elements_master_bundle/05_dragonmine_hd_ui_v4/dragonmine_hd_ui_single_elements_v4/05_icons/example_top_orb_red.png
example,_OUR_STYLE_UI_ELEMENTS/example/master_previous/05_dragonmine_hd_ui_v4/dragonmine_hd_ui_single_elements_v4/05_icons/example_icon_skills.png,56,56,"7,7,50,50",icon_skills,master_previous:dragonmine_complete_ui_elements_master_bundle/05_dragonmine_hd_ui_v4/dragonmine_hd_ui_single_elements_v4/05_icons/example_icon_skills.png
example,_OUR_STYLE_UI_ELEMENTS/example/master_previous/05_dragonmine_hd_ui_v4/dragonmine_hd_ui_single_elements_v4/05_icons/example_icon_settings.png,56,56,"4,4,52,52",icon_settings,master_previous:dragonmine_complete_ui_elements_master_bundle/05_dragonmine_hd_ui_v4/dragonmine_hd_ui_single_elements_v4/05_icons/example_icon_settings.png
example,_OUR_STYLE_UI_ELEMENTS/example/master_previous/05_dragonmine_hd_ui_v4/dragonmine_hd_ui_single_elements_v4/05_icons/example_icon_quests.png,56,56,"13,5,43,44",icon_quests,master_previous:dragonmine_complete_ui_elements_master_bundle/05_dragonmine_hd_ui_v4/dragonmine_hd_ui_single_elements_v4/05_icons/example_icon_quests.png
example,_OUR_STYLE_UI_ELEMENTS/example/master_previous/05_dragonmine_hd_ui_v4/dragonmine_hd_ui_single_elements_v4/05_icons/example_stats_bars_icon.png,96,96,"0,0,96,96",stats_bars_icon,master_previous:dragonmine_complete_ui_elements_master_bundle/05_dragonmine_hd_ui_v4/dragonmine_hd_ui_single_elements_v4/05_icons/example_stats_bars_icon.png
example,_OUR_STYLE_UI_ELEMENTS/example/master_previous/05_dragonmine_hd_ui_v4/dragonmine_hd_ui_single_elements_v4/05_icons/example_icon_party.png,56,56,"3,4,54,51",icon_party,master_previous:dragonmine_complete_ui_elements_master_bundle/05_dragonmine_hd_ui_v4/dragonmine_hd_ui_single_elements_v4/05_icons/example_icon_party.png
example,_OUR_STYLE_UI_ELEMENTS/example/master_previous/05_dragonmine_hd_ui_v4/dragonmine_hd_ui_single_elements_v4/05_icons/example_info_kanji_circle.png,96,96,"0,0,96,96",info_kanji_circle,master_previous:dragonmine_complete_ui_elements_master_bundle/05_dragonmine_hd_ui_v4/dragonmine_hd_ui_single_elements_v4/05_icons/example_info_kanji_circle.png
example,_OUR_STYLE_UI_ELEMENTS/example/master_previous/05_dragonmine_hd_ui_v4/dragonmine_hd_ui_single_elements_v4/05_icons/example_icon_character.png,56,56,"10,6,47,47",icon_character,master_previous:dragonmine_complete_ui_elements_master_bundle/05_dragonmine_hd_ui_v4/dragonmine_hd_ui_single_elements_v4/05_icons/example_icon_character.png
example,_OUR_STYLE_UI_ELEMENTS/example/master_previous/05_dragonmine_hd_ui_v4/dragonmine_hd_ui_single_elements_v4/05_icons/example_top_orb_blue.png,54,54,"6,6,49,49",top_orb_blue,master_previous:dragonmine_complete_ui_elements_master_bundle/05_dragonmine_hd_ui_v4/dragonmine_hd_ui_single_elements_v4/05_icons/example_top_orb_blue.png
example,_OUR_STYLE_UI_ELEMENTS/example/master_previous/05_dragonmine_hd_ui_v4/dragonmine_hd_ui_single_elements_v4/05_icons/example_top_orb_yellow.png,54,54,"6,6,49,49",top_orb_yellow,master_previous:dragonmine_complete_ui_elements_master_bundle/05_dragonmine_hd_ui_v4/dragonmine_hd_ui_single_elements_v4/05_icons/example_top_orb_yellow.png
example,_OUR_STYLE_UI_ELEMENTS/example/master_previous/05_dragonmine_hd_ui_v4/dragonmine_hd_ui_single_elements_v4/05_icons/example_icon_items.png,56,56,"8,6,49,49",icon_items,master_previous:dragonmine_complete_ui_elements_master_bundle/05_dragonmine_hd_ui_v4/dragonmine_hd_ui_single_elements_v4/05_icons/example_icon_items.png
example,_OUR_STYLE_UI_ELEMENTS/example/master_previous/05_dragonmine_hd_ui_v4/dragonmine_hd_ui_single_elements_v4/03_rows/example_plus_button.png,56,56,"4,4,53,53",plus_button,master_previous:dragonmine_complete_ui_elements_master_bundle/05_dragonmine_hd_ui_v4/dragonmine_hd_ui_single_elements_v4/03_rows/example_plus_button.png
example,_OUR_STYLE_UI_ELEMENTS/example/master_previous/05_dragonmine_hd_ui_v4/dragonmine_hd_ui_single_elements_v4/03_rows/example_statistics_row.png,396,56,"10,10,392,50",statistics_row,master_previous:dragonmine_complete_ui_elements_master_bundle/05_dragonmine_hd_ui_v4/dragonmine_hd_ui_single_elements_v4/03_rows/example_statistics_row.png
example,_OUR_STYLE_UI_ELEMENTS/example/master_previous/05_dragonmine_hd_ui_v4/dragonmine_hd_ui_single_elements_v4/03_rows/example_information_stat_row.png,416,68,"6,6,413,61",information_stat_row,master_previous:dragonmine_complete_ui_elements_master_bundle/05_dragonmine_hd_ui_v4/dragonmine_hd_ui_single_elements_v4/03_rows/example_information_stat_row.png
example,_OUR_STYLE_UI_ELEMENTS/example/master_previous/05_dragonmine_hd_ui_v4/dragonmine_hd_ui_single_elements_v4/03_rows/example_basic_info_row.png,400,56,"18,9,389,50",basic_info_row,master_previous:dragonmine_complete_ui_elements_master_bundle/05_dragonmine_hd_ui_v4/dragonmine_hd_ui_single_elements_v4/03_rows/example_basic_info_row.png
example,_OUR_STYLE_UI_ELEMENTS/example/master_previous/05_dragonmine_hd_ui_v4/dragonmine_hd_ui_single_elements_v4/03_rows/example_bottom_stats_box.png,430,170,"0,0,430,170",bottom_stats_box,master_previous:dragonmine_complete_ui_elements_master_bundle/05_dragonmine_hd_ui_v4/dragonmine_hd_ui_single_elements_v4/03_rows/example_bottom_stats_box.png
clean,_OUR_STYLE_UI_ELEMENTS/clean/master_previous/05_dragonmine_hd_ui_v4/dragonmine_hd_ui_single_elements_v4/03_rows/clean_information_stat_row.png,416,68,"6,6,401,61",information_stat_row,master_previous:dragonmine_complete_ui_elements_master_bundle/05_dragonmine_hd_ui_v4/dragonmine_hd_ui_single_elements_v4/03_rows/clean_information_stat_row.png
clean,_OUR_STYLE_UI_ELEMENTS/clean/master_previous/05_dragonmine_hd_ui_v4/dragonmine_hd_ui_single_elements_v4/03_rows/clean_plus_button.png,56,56,"0,0,56,56",plus_button,master_previous:dragonmine_complete_ui_elements_master_bundle/05_dragonmine_hd_ui_v4/dragonmine_hd_ui_single_elements_v4/03_rows/clean_plus_button.png
clean,_OUR_STYLE_UI_ELEMENTS/clean/master_previous/05_dragonmine_hd_ui_v4/dragonmine_hd_ui_single_elements_v4/03_rows/clean_basic_info_row.png,400,56,"18,48,383,50",basic_info_row,master_previous:dragonmine_complete_ui_elements_master_bundle/05_dragonmine_hd_ui_v4/dragonmine_hd_ui_single_elements_v4/03_rows/clean_basic_info_row.png
clean,_OUR_STYLE_UI_ELEMENTS/clean/master_previous/05_dragonmine_hd_ui_v4/dragonmine_hd_ui_single_elements_v4/03_rows/clean_statistics_row.png,396,56,"12,48,385,50",statistics_row,master_previous:dragonmine_complete_ui_elements_master_bundle/05_dragonmine_hd_ui_v4/dragonmine_hd_ui_single_elements_v4/03_rows/clean_statistics_row.png
clean,_OUR_STYLE_UI_ELEMENTS/clean/master_previous/05_dragonmine_hd_ui_v4/dragonmine_hd_ui_single_elements_v4/03_rows/clean_bottom_stats_box.png,430,170,"0,0,430,170",bottom_stats_box,master_previous:dragonmine_complete_ui_elements_master_bundle/05_dragonmine_hd_ui_v4/dragonmine_hd_ui_single_elements_v4/03_rows/clean_bottom_stats_box.png
reference,_OUR_STYLE_UI_ELEMENTS/reference/latest/target_reference.png,1672,941,"0,0,1672,941",target_reference,/mnt/data/14b109af-086c-4f61-b681-66b9f3b81144.png
reference,_OUR_STYLE_UI_ELEMENTS/reference/latest/current_clean_asset_sheet.png,1448,1086,"0,0,1434,1074",current_clean_asset_sheet,/mnt/data/neon_dragon_ball_hud_asset_sheet.png
example,_OUR_STYLE_UI_ELEMENTS/example/latest/current_example_full_hud.png,1672,941,"0,0,1672,941",current_example_full_hud,/mnt/data/neon_saiyan_character_hud.png
example,_OUR_STYLE_UI_ELEMENTS/example/latest/current_example_full_hud_alt.png,1672,941,"0,0,1672,941",current_example_full_hud_alt,/mnt/data/futuristic_saiyan_voxel_hud_interface.png
clean,_OUR_STYLE_UI_ELEMENTS/clean/latest_split/clean_latest_001.png,619,170,"0,0,619,170",latest_001,"neon_dragon_ball_hud_asset_sheet.png:bbox(414,10,1033,180)"
clean,_OUR_STYLE_UI_ELEMENTS/clean/latest_split/clean_latest_002.png,95,86,"0,1,95,86",latest_002,"neon_dragon_ball_hud_asset_sheet.png:bbox(1119,27,1214,113)"
clean,_OUR_STYLE_UI_ELEMENTS/clean/latest_split/clean_latest_003.png,97,86,"0,0,97,86",latest_003,"neon_dragon_ball_hud_asset_sheet.png:bbox(1219,27,1316,113)"
clean,_OUR_STYLE_UI_ELEMENTS/clean/latest_split/clean_latest_004.png,98,85,"0,0,98,85",latest_004,"neon_dragon_ball_hud_asset_sheet.png:bbox(1321,27,1419,112)"
clean,_OUR_STYLE_UI_ELEMENTS/clean/latest_split/clean_latest_005.png,507,788,"0,0,507,788",latest_005,"neon_dragon_ball_hud_asset_sheet.png:bbox(16,126,523,914)"
clean,_OUR_STYLE_UI_ELEMENTS/clean/latest_split/clean_latest_006.png,514,815,"0,0,514,815",latest_006,"neon_dragon_ball_hud_asset_sheet.png:bbox(919,126,1433,941)"
clean,_OUR_STYLE_UI_ELEMENTS/clean/latest_split/clean_latest_007.png,410,534,"0,0,410,534",latest_007,"neon_dragon_ball_hud_asset_sheet.png:bbox(519,192,929,726)"
clean,_OUR_STYLE_UI_ELEMENTS/clean/latest_split/clean_latest_008.png,112,228,"0,0,112,228",latest_008,"neon_dragon_ball_hud_asset_sheet.png:bbox(593,280,705,508)"
clean,_OUR_STYLE_UI_ELEMENTS/clean/latest_split/clean_latest_009.png,111,228,"0,0,111,228",latest_009,"neon_dragon_ball_hud_asset_sheet.png:bbox(747,280,858,508)"
clean,_OUR_STYLE_UI_ELEMENTS/clean/latest_split/clean_latest_010.png,62,79,"0,0,62,79",latest_010,"neon_dragon_ball_hud_asset_sheet.png:bbox(600,427,662,506)"
clean,_OUR_STYLE_UI_ELEMENTS/clean/latest_split/clean_latest_011.png,393,65,"0,0,393,65",latest_011,"neon_dragon_ball_hud_asset_sheet.png:bbox(524,723,917,788)"
clean,_OUR_STYLE_UI_ELEMENTS/clean/latest_split/clean_latest_012.png,397,78,"0,0,397,78",latest_012,"neon_dragon_ball_hud_asset_sheet.png:bbox(521,790,918,868)"
clean,_OUR_STYLE_UI_ELEMENTS/clean/latest_split/clean_latest_013.png,129,148,"0,0,129,148",latest_013,"neon_dragon_ball_hud_asset_sheet.png:bbox(28,921,157,1069)"
clean,_OUR_STYLE_UI_ELEMENTS/clean/latest_split/clean_latest_014.png,124,148,"0,1,124,148",latest_014,"neon_dragon_ball_hud_asset_sheet.png:bbox(166,921,290,1069)"
clean,_OUR_STYLE_UI_ELEMENTS/clean/latest_split/clean_latest_015.png,124,149,"0,0,124,149",latest_015,"neon_dragon_ball_hud_asset_sheet.png:bbox(300,921,424,1070)"
clean,_OUR_STYLE_UI_ELEMENTS/clean/latest_split/clean_latest_016.png,125,148,"0,1,125,148",latest_016,"neon_dragon_ball_hud_asset_sheet.png:bbox(433,921,558,1069)"
clean,_OUR_STYLE_UI_ELEMENTS/clean/latest_split/clean_latest_017.png,125,148,"0,1,125,148",latest_017,"neon_dragon_ball_hud_asset_sheet.png:bbox(567,921,692,1069)"
clean,_OUR_STYLE_UI_ELEMENTS/clean/latest_split/clean_latest_018.png,124,148,"0,1,124,148",latest_018,"neon_dragon_ball_hud_asset_sheet.png:bbox(701,921,825,1069)"
clean,_OUR_STYLE_UI_ELEMENTS/clean/latest_split/clean_latest_019.png,135,135,"0,0,135,135",latest_019,"neon_dragon_ball_hud_asset_sheet.png:bbox(838,933,973,1068)"
clean,_OUR_STYLE_UI_ELEMENTS/clean/latest_split/clean_latest_020.png,120,125,"0,0,120,125",latest_020,"neon_dragon_ball_hud_asset_sheet.png:bbox(978,937,1098,1062)"
clean,_OUR_STYLE_UI_ELEMENTS/clean/latest_split/clean_latest_021.png,77,64,"0,0,77,64",latest_021,"neon_dragon_ball_hud_asset_sheet.png:bbox(1192,938,1269,1002)"
clean,_OUR_STYLE_UI_ELEMENTS/clean/latest_split/clean_latest_022.png,69,64,"0,0,69,64",latest_022,"neon_dragon_ball_hud_asset_sheet.png:bbox(1108,939,1177,1003)"
clean,_OUR_STYLE_UI_ELEMENTS/clean/latest_split/clean_latest_023.png,126,53,"0,0,126,53",latest_023,"neon_dragon_ball_hud_asset_sheet.png:bbox(1291,942,1417,995)"
clean,_OUR_STYLE_UI_ELEMENTS/clean/latest_split/clean_latest_024.png,130,93,"0,0,130,92",latest_024,"neon_dragon_ball_hud_asset_sheet.png:bbox(1297,980,1427,1073)"
clean,_OUR_STYLE_UI_ELEMENTS/clean/latest_split/clean_latest_025.png,73,60,"0,0,73,60",latest_025,"neon_dragon_ball_hud_asset_sheet.png:bbox(1108,999,1181,1059)"
clean,_OUR_STYLE_UI_ELEMENTS/clean/latest_split/clean_latest_026.png,69,59,"0,0,69,59",latest_026,"neon_dragon_ball_hud_asset_sheet.png:bbox(1200,1000,1269,1059)"
